team,season,e_fg_percent_off,percent_shots_at_rim_off,fg_percent_at_rim_off,percent_assisted_at_rim,percent_shots_2pt_j_off,fg_percent_2pt_jumpers_off,percent_assisted_2pt_jumpers,percent_of_shots_3pt_off,x3fg_percent_off,percent_assisted_3pt,percent_shots_in_transition_off,transition_e_fg_percent_off,non_transtion_e_fg_percent_off,e_fg_percent_def,percent_shots_at_rim_def,fg_percent_at_rim_def,percent_blocked_at_rim,percent_shots_2pt_j_def,fg_percent_2pt_jumpers_def,percent_blocked_2pt_jumpers,percent_of_shots_3pt_def,x3fg_percent_def,percent_blocked_3pt,percent_shots_in_transition_def,transition_e_fg_percent_def,non_transtion_e_fg_percent_def,percent_of_initial_fga_in_transition_off,percent_of_initial_fga_rebound_0_10_s_off,e_fg_percent_rebound_0_10_s_off,percent_of_initial_fga_rebound_11_30_s_off,e_fg_percent_rebound_11_30_s_off,percent_of_initial_fga_score_0_10_s_off,e_fg_percent_score_0_10_s_off,percent_of_initial_fga_score_11_30_s_off,e_fg_percent_score_11_30_s_off,percent_of_initial_fga_steal_0_10_s_off,e_fg_percent_steal_0_10_s_off,percent_of_initial_fga_steal_11_30_s_off,e_fg_percent_steal_11_30_s_off,percent_of_initial_fga_in_transition_def,percent_of_initial_fga_rebound_0_10_s_def,e_fg_percent_rebound_0_10_s_def,percent_of_initial_fga_rebound_11_30_s_def,e_fg_percent_rebound_11_30_s_def,percent_of_initial_fga_score_0_10_s_def,e_fg_percent_score_0_10_s_def,percent_of_initial_fga_score_11_30_s_def,e_fg_percent_score_11_30_s_def,percent_of_initial_fga_steal_0_10_s_def,e_fg_percent_steal_0_10_s_def,percent_of_initial_fga_steal_11_30_s_def,e_fg_percent_steal_11_30_s_def
Toledo,2020-21,0.581,0.258,0.625,0.8,0.19399999999999998,0.16699999999999998,0.5,0.5479999999999999,0.47100000000000003,0.938,0.177,0.5,0.598,0.33299999999999996,0.314,0.5,0.125,0.235,0.5,0.083,0.451,0.087,0,0.196,0.45,0.305,0.22,0.18,0.611,0.22,0.682,0.02,0,0.28,0.35700000000000004,0.02,0,0.06,1.3330000000000002,0.222,0.2,0.5,0.08900000000000001,0.5,0.022000000000000002,0,0.467,0.31,0,0,0.022000000000000002,0
Indiana,2020-21,0.608,0.523,0.6759999999999999,0.609,0.185,0.75,0.444,0.292,0.263,0.8,0.32299999999999995,0.595,0.614,0.447,0.263,0.733,0.067,0.298,0.41200000000000003,0.11800000000000001,0.439,0.2,0.04,0.105,0.5,0.441,0.368,0.21100000000000002,0.542,0.12300000000000001,0.5,0.105,0.5,0.263,0.5670000000000001,0.053,1,0,0,0.115,0.057999999999999996,0.667,0.28800000000000003,0.5670000000000001,0.019,0,0.48100000000000004,0.32,0.038,0.5,0,0
South Fla.,2020-21,0.59,0.44799999999999995,0.7,0.28600000000000003,0.19399999999999998,0.385,0.4,0.358,0.375,0.889,0.34299999999999997,0.63,0.568,0.56,0.313,0.5710000000000001,0.095,0.19399999999999998,0.6920000000000001,0,0.493,0.33299999999999996,0,0.299,0.6,0.5429999999999999,0.40399999999999997,0.298,0.588,0.08800000000000001,0,0.07,0.625,0.368,0.643,0.035,1,0,0,0.33899999999999997,0.18600000000000003,0.364,0.11900000000000001,0.5,0.136,1,0.40700000000000003,0.43799999999999994,0.017,0,0,0
FIU,2020-21,0.45,0.3,0.667,0.28600000000000003,0.114,0.125,0,0.586,0.268,0.818,0.214,0.633,0.4,0.5479999999999999,0.524,0.667,0.121,0.095,0.33299999999999996,0,0.381,0.292,0,0.429,0.574,0.528,0.273,0.16399999999999998,0.444,0.073,0,0.055,0.833,0.418,0.391,0.055,1,0.036000000000000004,1.25,0.5,0.24100000000000002,0.385,0.111,0.75,0.222,0.708,0.24100000000000002,0.5,0.037000000000000005,1,0,0
BYU,2020-21,0.7040000000000001,0.183,1,0.385,0.268,0.526,0.3,0.5489999999999999,0.462,0.889,0.366,0.769,0.667,0.45399999999999996,0.055999999999999994,0.667,0,0.5,0.33299999999999996,0.07400000000000001,0.444,0.375,0,0.24100000000000002,0.423,0.46299999999999997,0.406,0.21899999999999997,0.7859999999999999,0.188,0.542,0.109,0.857,0.23399999999999999,0.9,0.078,0.6,0,0,0.265,0.245,0.45799999999999996,0.102,0.4,0.02,0,0.551,0.5,0,0,0.02,0
Xavier,2020-21,0.6970000000000001,0.268,0.9470000000000001,0.611,0.268,0.632,0.917,0.465,0.39399999999999996,0.846,0.29600000000000004,0.69,0.7,0.28300000000000003,0.36200000000000004,0.2,0.2,0.188,0.308,0.154,0.449,0.226,0.065,0.261,0.139,0.33299999999999996,0.32299999999999995,0.292,0.763,0.185,0.792,0.015,0,0.292,0.5,0.015,0,0.015,1,0.31,0.22399999999999998,0.192,0.069,0.25,0.034,0,0.534,0.29,0.052000000000000005,0,0.017,0
Wake Forest,2020-21,0.652,0.364,0.667,0.562,0.16699999999999998,0.545,0,0.47,0.452,0.929,0.28800000000000003,0.5529999999999999,0.691,0.33,0.20800000000000002,0.364,0.091,0.321,0.17600000000000002,0.11800000000000001,0.47200000000000003,0.28,0,0.302,0.43799999999999994,0.284,0.33299999999999996,0.158,0.722,0.24600000000000002,0.679,0.07,0.5,0.228,0.731,0.105,0.33299999999999996,0.053,1,0.348,0.109,0.4,0.065,0.833,0.196,0.444,0.413,0,0.043,0.5,0,0
Villanova,2020-21,0.5670000000000001,0.317,0.526,0.1,0.3,0.667,0.33299999999999996,0.38299999999999995,0.348,0.875,0.2,0.45799999999999996,0.594,0.545,0.418,0.652,0.13,0.109,0.5,0,0.473,0.308,0,0.273,0.767,0.462,0.235,0.235,0.45799999999999996,0.17600000000000002,0.722,0,0,0.451,0.37,0,0,0.02,1.5,0.3,0.16,0.812,0.2,0.55,0.12,0.583,0.4,0.425,0.02,1.5,0.02,1
Howard,2020-21,0.57,0.312,0.75,0.467,0.25,0.312,0.6,0.43799999999999994,0.39299999999999996,0.636,0.281,0.75,0.5,0.561,0.365,0.815,0,0.17600000000000002,0.462,0.231,0.45899999999999996,0.265,0.028999999999999998,0.243,0.361,0.625,0.321,0.25,0.893,0.08900000000000001,0.6,0.036000000000000004,0.5,0.446,0.46,0.036000000000000004,0,0.018000000000000002,0,0.281,0.172,0.5,0.203,0.615,0.094,0.16699999999999998,0.297,0.632,0.016,0,0.047,0.33299999999999996
Utah St.,2020-21,0.447,0.41600000000000004,0.46799999999999997,0.364,0.239,0.444,0.16699999999999998,0.345,0.282,0.818,0.239,0.40700000000000003,0.45899999999999996,0.659,0.4,0.636,0.091,0.136,0.467,0,0.46399999999999997,0.49,0,0.22699999999999998,0.78,0.624,0.278,0.20600000000000002,0.425,0.113,0.364,0.07200000000000001,0.35700000000000004,0.44299999999999995,0.43,0,0,0.01,1,0.24,0.163,0.706,0.192,0.45,0.028999999999999998,1.167,0.34600000000000003,0.653,0.048,0.8,0.028999999999999998,0
Maryland,2020-21,0.556,0.413,0.5770000000000001,0.267,0.222,0.35700000000000004,0.2,0.365,0.435,0.8,0.28600000000000003,0.556,0.556,0.424,0.318,0.7140000000000001,0.095,0.182,0.33299999999999996,0,0.5,0.182,0.03,0.273,0.41700000000000004,0.42700000000000005,0.33299999999999996,0.278,0.5329999999999999,0.16699999999999998,0.444,0.037000000000000005,0.5,0.35200000000000004,0.5,0.019,1,0.019,0,0.316,0.281,0.344,0.105,0.5,0,0,0.491,0.33899999999999997,0.035,1,0,0
Abilene Christian,2020-21,0.541,0.245,0.16699999999999998,0.5,0.28600000000000003,0.35700000000000004,0.4,0.469,0.565,0.846,0.163,0.43799999999999994,0.561,0.324,0.314,0.5,0.125,0.275,0.28600000000000003,0.071,0.41200000000000003,0.14300000000000002,0,0.196,0.2,0.354,0.17800000000000002,0.044000000000000004,0.5,0.311,0.536,0.044000000000000004,0.5,0.311,0.607,0.08900000000000001,0.375,0.044000000000000004,0.75,0.22699999999999998,0.114,0.2,0.22699999999999998,0.45,0,0,0.341,0.2,0.114,0.2,0.023,0
Boston College,2020-21,0.545,0.418,0.652,0.067,0.109,0.5,0.667,0.473,0.308,0.875,0.273,0.767,0.462,0.5670000000000001,0.317,0.526,0.368,0.3,0.667,0.111,0.38299999999999995,0.348,0,0.2,0.45799999999999996,0.594,0.3,0.16,0.812,0.2,0.55,0.12,0.583,0.4,0.425,0.02,1.5,0.02,1,0.235,0.235,0.45799999999999996,0.17600000000000002,0.722,0,0,0.451,0.37,0,0,0.02,1.5
Western Ky.,2020-21,0.513,0.41200000000000003,0.5710000000000001,0.429,0.244,0.414,0.25,0.345,0.341,0.7859999999999999,0.32799999999999996,0.5379999999999999,0.5,0.547,0.264,0.41200000000000003,0.235,0.27899999999999997,0.361,0.027999999999999997,0.457,0.49200000000000005,0,0.27899999999999997,0.486,0.57,0.379,0.311,0.5,0.165,0.20600000000000002,0.019,1,0.34,0.614,0.049,0.6,0.028999999999999998,0.667,0.313,0.183,0.35700000000000004,0.13,0.3,0.122,0.7140000000000001,0.38299999999999995,0.693,0.009000000000000001,0,0.026000000000000002,0.33299999999999996
UTRGV,2020-21,0.29,0.449,0.258,0.25,0.24600000000000002,0.353,0,0.304,0.19,0.5,0.29,0.3,0.28600000000000003,0.639,0.5,0.63,0.037000000000000005,0.185,0.7,0,0.315,0.41200000000000003,0,0.389,0.5479999999999999,0.6970000000000001,0.35700000000000004,0.25,0.35700000000000004,0.036000000000000004,0,0.054000000000000006,0,0.446,0.26,0.054000000000000006,0.33299999999999996,0,0,0.457,0.348,0.531,0.152,0.5710000000000001,0.065,0.33299999999999996,0.261,0.75,0.043,1,0.022000000000000002,0
Houston Baptist,2020-21,0.348,0.429,0.45799999999999996,0.545,0.33899999999999997,0.21100000000000002,0.25,0.23199999999999998,0.231,1,0.196,0.091,0.41100000000000003,0.516,0.39299999999999996,0.667,0.042,0.18,0.455,0.091,0.426,0.26899999999999996,0,0.18,0.591,0.5,0.212,0.115,0,0.231,0.625,0.038,0,0.442,0.348,0.057999999999999996,0.33299999999999996,0.019,0,0.22,0.18,0.5,0.24,0.583,0,0,0.38,0.474,0.04,1,0.04,0
Fresno St.,2020-21,0.632,0.642,0.6759999999999999,0.217,0.151,0.375,0,0.20800000000000002,0.455,1,0.302,0.7809999999999999,0.568,0.33299999999999996,0.33299999999999996,0.28600000000000003,0.28600000000000003,0.19,0.25,0,0.47600000000000003,0.267,0.033,0.127,0.43799999999999994,0.318,0.348,0.239,0.773,0.304,0.536,0.022000000000000002,0,0.196,0.5,0.087,1,0.043,0.5,0.157,0.039,0.75,0.21600000000000003,0,0.059000000000000004,0.33299999999999996,0.431,0.22699999999999998,0.059000000000000004,0.33299999999999996,0.059000000000000004,1
North Ala.,2020-21,0.513,0.462,0.528,0.263,0.179,0.429,0.5,0.359,0.35700000000000004,0.9,0.321,0.42,0.557,0.525,0.3,0.556,0.111,0.28300000000000003,0.294,0.059000000000000004,0.41700000000000004,0.44,0,0.233,0.5,0.5329999999999999,0.40299999999999997,0.306,0.368,0.09699999999999999,0.667,0.032,0,0.387,0.562,0.065,0.875,0,0,0.259,0.185,0.6,0.111,0.41700000000000004,0.055999999999999994,0.33299999999999996,0.5,0.537,0.019,0,0,0
Ohio,2020-21,0.603,0.223,0.88,0.318,0.304,0.41200000000000003,0.35700000000000004,0.473,0.396,0.9520000000000001,0.24100000000000002,0.611,0.6,0.429,0.233,0.679,0.071,0.392,0.27699999999999997,0.021,0.375,0.289,0,0.217,0.34600000000000003,0.452,0.273,0.222,0.614,0.182,0.33299999999999996,0.03,0.33299999999999996,0.293,0.759,0.02,1,0,0,0.245,0.17,0.389,0.142,0.3,0.038,0,0.396,0.41700000000000004,0.038,0.5,0.019,0
Georgia Tech,2020-21,0.40299999999999997,0.45899999999999996,0.444,0.25,0.204,0.45,0,0.337,0.212,1,0.204,0.4,0.40399999999999997,0.537,0.45299999999999996,0.6509999999999999,0.047,0.23199999999999998,0.364,0.091,0.316,0.33299999999999996,0,0.337,0.531,0.54,0.282,0.183,0.34600000000000003,0.113,0.125,0.055999999999999994,0.25,0.423,0.38299999999999995,0.042,0.833,0.055999999999999994,0.375,0.376,0.212,0.361,0.094,0.25,0.153,0.731,0.353,0.55,0.012,1,0,0
Weber St.,2020-21,0.556,0.33299999999999996,0.667,0.41700000000000004,0.222,0.25,0,0.444,0.41700000000000004,0.8,0.29600000000000004,0.75,0.474,0.371,0.3,0.619,0.048,0.4,0.25,0,0.3,0.19,0,0.3,0.452,0.337,0.348,0.239,0.682,0.152,0.28600000000000003,0.043,1.25,0.28300000000000003,0.5379999999999999,0.065,0.667,0,0,0.35600000000000004,0.153,0.389,0.153,0.33299999999999996,0.085,0.6,0.33899999999999997,0.275,0.11900000000000001,0.429,0.017,0
Radford,2020-21,0.45299999999999996,0.45299999999999996,0.33299999999999996,0.375,0.226,0.583,0.28600000000000003,0.321,0.353,0.667,0.245,0.654,0.38799999999999996,0.575,0.267,0.625,0.062,0.3,0.444,0,0.433,0.423,0,0.3,0.611,0.56,0.289,0.133,0.5,0.244,0.318,0.08900000000000001,0.625,0.35600000000000004,0.406,0.067,1,0,0,0.34600000000000003,0.28800000000000003,0.6,0.115,0.5,0.019,1,0.327,0.735,0.038,0.5,0,0
A&M-Corpus Christi,2020-21,0.455,0.35700000000000004,0.6,0.25,0.35700000000000004,0.45,0.33299999999999996,0.28600000000000003,0.188,1,0.35700000000000004,0.45,0.45799999999999996,0.32799999999999996,0.32799999999999996,0.316,0.21100000000000002,0.259,0.267,0.067,0.414,0.25,0,0.19,0.409,0.309,0.41700000000000004,0.271,0.462,0.146,0.28600000000000003,0.083,0.25,0.312,0.5670000000000001,0.062,0.667,0.021,0,0.212,0.115,0.16699999999999998,0.26899999999999996,0.214,0.038,0.75,0.365,0.105,0.057999999999999996,0.667,0.019,1.5
UC Irvine,2020-21,0.435,0.24600000000000002,0.529,0.556,0.536,0.324,0.5,0.217,0.4,0.833,0.13,0.278,0.45799999999999996,0.562,0.203,0.9229999999999999,0,0.42200000000000004,0.444,0,0.375,0.33299999999999996,0,0.23399999999999999,0.7,0.52,0.16699999999999998,0.09300000000000001,0.3,0.222,0.75,0.037000000000000005,0,0.5,0.315,0.037000000000000005,0.5,0.019,0,0.268,0.214,0.792,0.214,0.667,0.036000000000000004,0,0.35700000000000004,0.4,0.018000000000000002,1,0.036000000000000004,0.5
SMU,2020-21,0.619,0.33899999999999997,0.65,0.5379999999999999,0.203,0.583,0.7140000000000001,0.45799999999999996,0.40700000000000003,0.818,0.33899999999999997,0.725,0.564,0.452,0.258,0.688,0.062,0.306,0.263,0.158,0.435,0.29600000000000004,0,0.19399999999999998,0.33299999999999996,0.48,0.408,0.265,0.8079999999999999,0.08199999999999999,0.625,0.102,0.6,0.327,0.531,0.040999999999999995,0.5,0,0,0.226,0.151,0.125,0.057,0.5,0.019,1,0.5660000000000001,0.41700000000000004,0.057,0.667,0.019,0
Providence,2020-21,0.536,0.47100000000000003,0.606,0.5,0.3,0.33299999999999996,0.5710000000000001,0.22899999999999998,0.43799999999999994,1,0.214,0.5670000000000001,0.527,0.392,0.431,0.545,0.136,0.275,0.35700000000000004,0,0.294,0.133,0,0.235,0.25,0.436,0.259,0.155,0.611,0.207,0.667,0.069,0.5,0.345,0.475,0.034,0.5,0,0,0.267,0.156,0.28600000000000003,0.156,0.643,0.08900000000000001,0.25,0.511,0.326,0.022000000000000002,0,0.022000000000000002,1
Louisville,2020-21,0.642,0.434,0.7829999999999999,0.667,0.264,0.5,0.28600000000000003,0.302,0.375,0.833,0.302,0.594,0.662,0.36200000000000004,0.191,0.778,0.111,0.255,0.083,0,0.5529999999999999,0.231,0.077,0.085,0.625,0.337,0.35600000000000004,0.289,0.5379999999999999,0.289,0.5770000000000001,0.044000000000000004,0.5,0.244,0.591,0.022000000000000002,1.5,0.022000000000000002,1,0.091,0.068,0.5,0.182,0.312,0,0,0.545,0.41700000000000004,0.023,1,0,0
Davidson,2020-21,0.619,0.39,0.7390000000000001,0.529,0.153,0.33299999999999996,0.667,0.45799999999999996,0.40700000000000003,0.909,0.271,0.688,0.593,0.5429999999999999,0.31,0.556,0.16699999999999998,0.397,0.348,0.087,0.293,0.529,0,0.19,0.727,0.5,0.308,0.212,0.682,0.17300000000000001,0.611,0.096,0.7,0.34600000000000003,0.556,0,0,0.038,0.75,0.212,0.115,0.75,0.25,0.615,0.096,0.7,0.385,0.55,0,0,0.019,1
North Florida,2020-21,0.48100000000000004,0.29600000000000004,0.43799999999999994,0.28600000000000003,0.185,0.4,0,0.519,0.35700000000000004,0.7,0.40700000000000003,0.386,0.547,0.384,0.305,0.64,0.04,0.354,0.276,0.034,0.341,0.179,0.036000000000000004,0.37799999999999995,0.435,0.353,0.45799999999999996,0.20800000000000002,0.55,0.146,0.14300000000000002,0.20800000000000002,0.3,0.22899999999999998,0.682,0.042,0,0.021,0,0.508,0.23,0.39299999999999996,0.08199999999999999,0.3,0.16399999999999998,0.5,0.262,0.25,0.115,0.429,0.033,0
Washington St.,2020-21,0.33,0.28,0.429,0.16699999999999998,0.16,0.375,0.33299999999999996,0.56,0.179,1,0.26,0.5,0.27,0.336,0.39299999999999996,0.41700000000000004,0.125,0.295,0.16699999999999998,0,0.311,0.263,0,0.32799999999999996,0.425,0.293,0.295,0.273,0.542,0.182,0.375,0.023,0,0.273,0,0,0,0,0,0.392,0.275,0.39299999999999996,0.11800000000000001,0.16699999999999998,0.078,0.5,0.294,0.33299999999999996,0.039,0.5,0.059000000000000004,0
N.C. Central,2020-21,0.536,0.423,0.617,0.483,0.23399999999999999,0.308,0,0.342,0.395,0.733,0.198,0.659,0.506,0.528,0.37,0.617,0.085,0.26,0.424,0.03,0.37,0.34,0.021,0.37,0.511,0.5379999999999999,0.22399999999999998,0.122,0.625,0.19399999999999998,0.684,0.061,0.833,0.418,0.512,0.040999999999999995,0.5,0.01,1,0.439,0.22399999999999998,0.604,0.15,0.531,0.14,0.5,0.29,0.46799999999999997,0.075,0.25,0.009000000000000001,0
Bowling Green,2020-21,0.457,0.257,0.556,0.2,0.32899999999999996,0.174,0,0.414,0.414,0.75,0.2,0.7140000000000001,0.39299999999999996,0.623,0.27899999999999997,0.882,0,0.27899999999999997,0.47100000000000003,0,0.44299999999999995,0.37,0,0.311,0.711,0.583,0.23,0.16399999999999998,0.5,0.14800000000000002,0.222,0.033,1.5,0.49200000000000005,0.33299999999999996,0.033,1,0.016,0,0.365,0.26899999999999996,0.7140000000000001,0.212,0.545,0.038,0,0.365,0.711,0.057999999999999996,1.167,0,0
Eastern Mich.,2020-21,0.43799999999999994,0.281,0.722,0.5379999999999999,0.391,0.36,0.444,0.32799999999999996,0.19,0.75,0.281,0.41700000000000004,0.446,0.655,0.327,0.778,0.055999999999999994,0.16399999999999998,0.444,0,0.509,0.429,0.071,0.23600000000000002,0.731,0.631,0.31,0.172,0.35,0.155,0.5,0.052000000000000005,0.33299999999999996,0.379,0.295,0.086,0.6,0.017,1,0.25,0.212,0.682,0.17300000000000001,0.111,0.038,1,0.423,0.727,0,0,0.019,0
Memphis,2020-21,0.48100000000000004,0.436,0.483,0.429,0.293,0.308,0.25,0.271,0.444,0.625,0.293,0.436,0.5,0.429,0.389,0.5,0.159,0.265,0.433,0.16699999999999998,0.345,0.231,0,0.239,0.5,0.40700000000000003,0.32799999999999996,0.252,0.33299999999999996,0.151,0.5,0.05,0.75,0.336,0.562,0.025,0.833,0.025,0.33299999999999996,0.281,0.26,0.5,0.198,0.21100000000000002,0.01,0,0.385,0.473,0.01,1,0.021,0.5
Prairie View,2020-21,0.564,0.309,0.706,0.583,0.309,0.41200000000000003,0.14300000000000002,0.382,0.381,0.75,0.145,0.688,0.5429999999999999,0.47100000000000003,0.41200000000000003,0.619,0,0.255,0.385,0,0.33299999999999996,0.235,0.059000000000000004,0.235,0.583,0.436,0.17,0.043,0,0.17,0.562,0.085,0.875,0.38299999999999995,0.361,0.043,1,0.043,1,0.273,0.114,0.3,0.114,0.8,0.023,1,0.386,0.324,0.136,0.75,0.068,0.33299999999999996
UCLA,2020-21,0.47700000000000004,0.209,0.444,0.25,0.302,0.462,0.33299999999999996,0.488,0.33299999999999996,1,0.14,0.33299999999999996,0.5,0.5429999999999999,0.31,0.667,0.111,0.293,0.353,0,0.397,0.391,0,0.138,0.312,0.58,0.162,0.10800000000000001,0.25,0.18899999999999997,0.429,0.027000000000000003,1,0.43200000000000005,0.43799999999999994,0.027000000000000003,0,0,0,0.17,0.106,0.3,0.23399999999999999,0.909,0,0,0.38299999999999995,0.5,0.064,0.33299999999999996,0.021,1.5
Pacific,2020-21,0.48200000000000004,0.418,0.522,0.33299999999999996,0.327,0.389,0.14300000000000002,0.255,0.35700000000000004,1,0.255,0.321,0.537,0.532,0.34,0.625,0.125,0.27699999999999997,0.462,0.077,0.38299999999999995,0.33299999999999996,0,0.17,0.43799999999999994,0.551,0.311,0.222,0.1,0.111,0.8,0.044000000000000004,0.75,0.289,0.5770000000000001,0.044000000000000004,1,0.022000000000000002,1.5,0.19,0.095,0,0.19,0.625,0.095,0.875,0.381,0.344,0,0,0.024,0
Southern U.,2020-21,0.49200000000000005,0.377,0.522,0.667,0.344,0.429,0.33299999999999996,0.27899999999999997,0.353,1,0.344,0.5479999999999999,0.462,0.602,0.35200000000000004,0.737,0.105,0.29600000000000004,0.312,0.062,0.35200000000000004,0.474,0,0.24100000000000002,0.8079999999999999,0.537,0.40399999999999997,0.212,0.545,0.17300000000000001,0.389,0.135,0.643,0.327,0.47100000000000003,0.057999999999999996,0.33299999999999996,0.019,0,0.25,0.154,0.812,0.17300000000000001,0.889,0.057999999999999996,1,0.365,0.395,0.038,0.5,0.019,1
Nevada,2020-21,0.491,0.3,0.515,0.588,0.355,0.41,0.25,0.345,0.368,0.7859999999999999,0.255,0.732,0.409,0.355,0.29100000000000004,0.47100000000000003,0.059000000000000004,0.179,0.14300000000000002,0.14300000000000002,0.53,0.242,0,0.231,0.426,0.33299999999999996,0.289,0.21600000000000003,0.762,0.258,0.34,0.040999999999999995,0.25,0.299,0.431,0.031,1.167,0.021,0.5,0.257,0.133,0.5710000000000001,0.22899999999999998,0.188,0.057,0.25,0.305,0.23399999999999999,0.067,0.28600000000000003,0.01,1.5
Army West Point,2020-21,0.64,0.47100000000000003,0.75,0.583,0.028999999999999998,0,0,0.5,0.382,1,0.33799999999999997,0.826,0.544,0.218,0.345,0.263,0.263,0.255,0.28600000000000003,0,0.4,0.091,0.091,0.145,0,0.255,0.397,0.31,0.75,0.24100000000000002,0.429,0.017,1.5,0.22399999999999998,0.5,0.069,1,0,0,0.163,0.102,0,0.184,0.278,0,0,0.5710000000000001,0.304,0.061,0,0.02,0
Chattanooga,2020-21,0.565,0.40299999999999997,0.419,0.154,0.247,0.579,0.182,0.35100000000000003,0.48100000000000004,0.846,0.299,0.5870000000000001,0.556,0.45,0.35,0.524,0.095,0.25,0.467,0,0.4,0.25,0,0.3,0.361,0.488,0.377,0.311,0.632,0.098,0.5,0.016,1.5,0.311,0.5,0.049,0,0,0,0.327,0.2,0.409,0.073,0.375,0.091,0.2,0.527,0.466,0.036000000000000004,0.5,0.018000000000000002,0
Nebraska,2020-21,0.474,0.40299999999999997,0.593,0.43799999999999994,0.11199999999999999,0.2,0,0.485,0.292,0.9470000000000001,0.26899999999999996,0.5,0.46399999999999997,0.49,0.295,0.581,0.032,0.295,0.452,0.065,0.41,0.302,0.047,0.23800000000000002,0.58,0.462,0.31,0.121,0.75,0.155,0.25,0.086,0.35,0.31,0.375,0.10300000000000001,0.33299999999999996,0.009000000000000001,1.5,0.278,0.21100000000000002,0.5529999999999999,0.21100000000000002,0.42100000000000004,0.044000000000000004,0.75,0.389,0.47100000000000003,0.022000000000000002,0.5,0.022000000000000002,0
Morehead St.,2020-21,0.37,0.32,0.688,0.364,0.26,0.231,0,0.42,0.14300000000000002,1,0.24,0.5,0.32899999999999996,0.621,0.31,0.778,0.055999999999999994,0.431,0.52,0,0.259,0.4,0,0.36200000000000004,0.524,0.6759999999999999,0.267,0.17800000000000002,0.312,0.111,0.4,0.044000000000000004,1.25,0.444,0.325,0.044000000000000004,0.5,0,0,0.43799999999999994,0.271,0.5,0.062,1,0.10400000000000001,0.7,0.22899999999999998,0.5,0.062,0.33299999999999996,0.021,0
Texas St.,2020-21,0.57,0.451,0.688,0.273,0.35200000000000004,0.44,0.364,0.19699999999999998,0.35700000000000004,1,0.39399999999999996,0.589,0.5579999999999999,0.415,0.203,0.833,0.083,0.35600000000000004,0.19,0.048,0.441,0.26899999999999996,0,0.35600000000000004,0.35700000000000004,0.447,0.483,0.345,0.625,0.052000000000000005,0.667,0.052000000000000005,0,0.22399999999999998,0.154,0.086,0.8,0.034,0.5,0.40399999999999997,0.212,0.182,0.115,0.25,0.17300000000000001,0.5,0.34600000000000003,0.33299999999999996,0.019,1,0.019,1.5
Southeastern La.,2020-21,0.309,0.513,0.462,0.278,0.11800000000000001,0.444,0.25,0.368,0.036000000000000004,0,0.171,0.231,0.325,0.557,0.409,0.611,0.055999999999999994,0.114,0.6,0,0.47700000000000004,0.33299999999999996,0.048,0.341,0.767,0.44799999999999995,0.217,0.15,0.222,0.083,0.2,0.05,0,0.41700000000000004,0.34,0.017,1,0,0,0.35700000000000004,0.23800000000000002,0.55,0.19,0.312,0.071,1.167,0.33299999999999996,0.5,0.048,1.25,0.024,1.5
Minnesota,2020-21,0.475,0.38,0.767,0.348,0.19,0.267,0.5,0.43,0.20600000000000002,0.7140000000000001,0.36700000000000005,0.552,0.43,0.392,0.292,0.526,0.21100000000000002,0.47700000000000004,0.355,0,0.231,0.2,0,0.292,0.5,0.348,0.46,0.302,0.526,0.111,0.35700000000000004,0.079,0.6,0.254,0.21899999999999997,0.079,0.6,0.016,1,0.35200000000000004,0.24100000000000002,0.34600000000000003,0.111,0.16699999999999998,0.09300000000000001,0.8,0.40700000000000003,0.386,0.019,1,0.019,0
Illinois,2020-21,0.6809999999999999,0.40700000000000003,0.818,0.42200000000000004,0.23,0.355,0.455,0.363,0.49,0.875,0.37799999999999995,0.696,0.6729999999999999,0.35200000000000004,0.14400000000000002,0.647,0.11800000000000001,0.49200000000000005,0.293,0.086,0.364,0.209,0,0.237,0.33899999999999997,0.35600000000000004,0.455,0.312,0.743,0.214,0.583,0.071,0.375,0.17,0.711,0.071,0.812,0.027000000000000003,0.33299999999999996,0.252,0.081,0.556,0.081,0.389,0.11699999999999999,0.26899999999999996,0.514,0.307,0.054000000000000006,0.16699999999999998,0.027000000000000003,0.5
UTEP,2020-21,0.5920000000000001,0.316,0.667,0.5,0.32899999999999996,0.56,0.28600000000000003,0.355,0.37,0.8,0.355,0.444,0.6729999999999999,0.507,0.214,0.6,0,0.371,0.385,0.115,0.414,0.379,0.034,0.34299999999999997,0.354,0.5870000000000001,0.40299999999999997,0.284,0.474,0.06,0.625,0.06,0.25,0.38799999999999996,0.7120000000000001,0.06,0.5,0.03,1,0.381,0.254,0.469,0.063,0,0.063,0.25,0.47600000000000003,0.617,0.063,0,0,0
Texas,2020-21,0.639,0.5,0.63,0.47100000000000003,0.185,0.7,0.28600000000000003,0.315,0.41200000000000003,0.857,0.389,0.5479999999999999,0.6970000000000001,0.29,0.449,0.258,0.032,0.24600000000000002,0.353,0.059000000000000004,0.304,0.19,0.095,0.29,0.3,0.28600000000000003,0.457,0.348,0.531,0.152,0.5710000000000001,0.065,0.33299999999999996,0.261,0.75,0.043,1,0.022000000000000002,0,0.35700000000000004,0.25,0.35700000000000004,0.036000000000000004,0,0.054000000000000006,0,0.446,0.26,0.054000000000000006,0.33299999999999996,0,0
Fairleigh Dickinson,2020-21,0.413,0.6509999999999999,0.512,0.381,0.14300000000000002,0.222,0,0.20600000000000002,0.154,1,0.222,0.5710000000000001,0.36700000000000005,0.563,0.524,0.606,0.121,0.095,0.33299999999999996,0.16699999999999998,0.381,0.375,0.042,0.28600000000000003,0.361,0.644,0.275,0.235,0.5,0.13699999999999998,0.28600000000000003,0,0,0.41200000000000003,0.33299999999999996,0.039,1,0.02,0,0.34600000000000003,0.28800000000000003,0.267,0.038,0.75,0.019,1,0.40399999999999997,0.619,0.038,0.75,0,0
North Dakota St.,2020-21,0.345,0.327,0.389,0.429,0.29100000000000004,0.188,0,0.382,0.28600000000000003,1,0.255,0.536,0.28,0.45,0.317,0.42100000000000004,0.105,0.4,0.292,0.042,0.28300000000000003,0.47100000000000003,0,0.25,0.833,0.322,0.292,0.188,0.611,0.292,0.25,0.042,0,0.25,0.20800000000000002,0.062,0.667,0,0,0.278,0.185,0.8,0.204,0.22699999999999998,0.037000000000000005,0.5,0.35200000000000004,0.368,0.055999999999999994,1.167,0.019,1
West Virginia,2020-21,0.45,0.321,0.622,0.429,0.336,0.298,0.214,0.34299999999999997,0.292,0.5710000000000001,0.221,0.5,0.436,0.43700000000000006,0.563,0.479,0.127,0.11900000000000001,0.4,0,0.317,0.25,0.025,0.24600000000000002,0.435,0.43700000000000006,0.287,0.204,0.47700000000000004,0.185,0.45,0.046,0.6,0.361,0.359,0.037000000000000005,0.5,0.019,0,0.298,0.17300000000000001,0.361,0.163,0.382,0.048,0.6,0.413,0.465,0.077,0.5,0.01,0
Miami (OH),2020-21,0.5529999999999999,0.263,0.467,0.28600000000000003,0.491,0.607,0.17600000000000002,0.24600000000000002,0.35700000000000004,0.8,0.21100000000000002,0.583,0.544,0.45399999999999996,0.278,0.667,0.133,0.222,0.33299999999999996,0.083,0.5,0.259,0,0.185,0.4,0.466,0.245,0.184,0.444,0.14300000000000002,1,0.02,1,0.408,0.5,0.040999999999999995,1,0.040999999999999995,0.5,0.217,0.152,0.429,0.174,0,0.043,0,0.5,0.5429999999999999,0.022000000000000002,1,0,0
San Diego St.,2020-21,0.5429999999999999,0.31,0.667,0.583,0.293,0.353,0.33299999999999996,0.397,0.391,0.778,0.138,0.312,0.58,0.47700000000000004,0.209,0.444,0.111,0.302,0.462,0.077,0.488,0.33299999999999996,0,0.14,0.33299999999999996,0.5,0.17,0.106,0.3,0.23399999999999999,0.909,0,0,0.38299999999999995,0.5,0.064,0.33299999999999996,0.021,1.5,0.162,0.10800000000000001,0.25,0.18899999999999997,0.429,0.027000000000000003,1,0.43200000000000005,0.43799999999999994,0.027000000000000003,0,0,0
Chicago St.,2020-21,0.35100000000000003,0.14400000000000002,0.75,0.33299999999999996,0.45899999999999996,0.294,0.2,0.396,0.182,1,0.135,0.267,0.365,0.662,0.389,0.833,0,0.26899999999999996,0.483,0.034,0.34299999999999997,0.405,0,0.361,0.654,0.667,0.149,0.08900000000000001,0.444,0.129,0.231,0.05,0,0.525,0.302,0.01,0,0.05,0.3,0.419,0.29,0.685,0.172,0.594,0.075,0.429,0.183,0.618,0.054000000000000006,0.8,0.022000000000000002,0.5
South Dakota,2020-21,0.358,0.36700000000000005,0.5,0.455,0.3,0.33299999999999996,0.16699999999999998,0.33299999999999996,0.15,1,0.2,0.16699999999999998,0.406,0.479,0.28800000000000003,0.47600000000000003,0.14300000000000002,0.37,0.37,0.111,0.342,0.4,0,0.32899999999999996,0.583,0.429,0.245,0.184,0.222,0.184,0.33299999999999996,0.040999999999999995,0,0.49,0.562,0.02,0,0.02,0,0.381,0.27,0.5589999999999999,0.127,0.375,0.063,0.875,0.365,0.522,0.048,0.33299999999999996,0,0
Montana St.,2020-21,0.648,0.40700000000000003,0.727,0.5,0.259,0.28600000000000003,0.5,0.33299999999999996,0.556,0.9,0.222,0.583,0.667,0.555,0.255,0.5710000000000001,0.071,0.29100000000000004,0.375,0,0.455,0.44,0,0.436,0.583,0.532,0.231,0.135,0.7140000000000001,0.17300000000000001,0.889,0.038,0.5,0.34600000000000003,0.778,0.057999999999999996,0.33299999999999996,0.019,1.5,0.48,0.32,0.812,0.02,1,0.14,0.14300000000000002,0.4,0.6,0.02,0,0,0
Oklahoma St.,2020-21,0.517,0.33899999999999997,0.75,0.33299999999999996,0.237,0.35700000000000004,0.4,0.424,0.28,0.7140000000000001,0.271,0.5,0.523,0.415,0.19699999999999998,0.643,0,0.43700000000000006,0.419,0,0.366,0.192,0,0.324,0.5,0.375,0.34,0.319,0.5329999999999999,0.106,0.2,0.021,0,0.489,0.457,0,0,0.021,1,0.354,0.2,0.34600000000000003,0.154,0.2,0.077,0.6,0.354,0.304,0.077,0.8,0.062,0.5
Wofford,2020-21,0.598,0.39299999999999996,0.727,0.25,0.071,0.25,0,0.536,0.36700000000000005,1,0.214,0.75,0.557,0.415,0.20800000000000002,0.545,0,0.358,0.368,0.105,0.434,0.261,0,0.20800000000000002,0.273,0.452,0.255,0.213,0.7,0.27699999999999997,0.731,0.043,1,0.255,0.45799999999999996,0,0,0.021,0,0.212,0.077,0.25,0.192,0.35,0.096,0.4,0.5379999999999999,0.518,0.038,0,0,0
Towson,2020-21,0.44,0.431,0.447,0.19,0.275,0.3,0.111,0.294,0.375,0.667,0.147,0.531,0.425,0.621,0.306,0.6579999999999999,0.079,0.19399999999999998,0.41700000000000004,0,0.5,0.452,0,0.19399999999999998,0.708,0.6,0.174,0.152,0.5,0.207,0.395,0,0,0.511,0.426,0.022000000000000002,0.75,0.011000000000000001,1.5,0.226,0.179,0.684,0.226,0.625,0.038,0.75,0.406,0.535,0.009000000000000001,1,0.027999999999999997,0
Delaware St.,2020-21,0.33,0.20800000000000002,0.364,1,0.321,0.17600000000000002,0.667,0.47200000000000003,0.28,0.5710000000000001,0.302,0.43799999999999994,0.284,0.652,0.364,0.667,0.16699999999999998,0.16699999999999998,0.545,0.182,0.47,0.452,0,0.28800000000000003,0.5529999999999999,0.691,0.348,0.109,0.4,0.065,0.833,0.196,0.444,0.413,0,0.043,0.5,0,0,0.33299999999999996,0.158,0.722,0.24600000000000002,0.679,0.07,0.5,0.228,0.731,0.105,0.33299999999999996,0.053,1
Liberty,2020-21,0.61,0.22899999999999998,0.583,0.35700000000000004,0.095,0.5,0.4,0.6759999999999999,0.423,1,0.086,0.389,0.63,0.645,0.36,0.833,0.083,0.36,0.41700000000000004,0,0.28,0.46399999999999997,0,0.24,0.625,0.6509999999999999,0.09699999999999999,0.054000000000000006,0.3,0.172,0.531,0.011000000000000001,1,0.505,0.883,0.032,0.33299999999999996,0,0,0.261,0.196,0.5,0.13,0.667,0.022000000000000002,1,0.478,0.693,0.043,1,0.022000000000000002,1
Michigan,2020-21,0.623,0.27899999999999997,0.882,0.733,0.27899999999999997,0.47100000000000003,0.25,0.44299999999999995,0.37,0.9,0.311,0.711,0.583,0.457,0.257,0.556,0,0.32899999999999996,0.174,0.13,0.414,0.414,0,0.2,0.7140000000000001,0.39299999999999996,0.365,0.26899999999999996,0.7140000000000001,0.212,0.545,0.038,0,0.365,0.711,0.057999999999999996,1.167,0,0,0.23,0.16399999999999998,0.5,0.14800000000000002,0.222,0.033,1.5,0.49200000000000005,0.33299999999999996,0.033,1,0.016,0
Elon,2020-21,0.525,0.45,0.741,0.5,0.15,0.444,0.25,0.4,0.20800000000000002,0.6,0.267,0.812,0.42,0.429,0.33299999999999996,0.7859999999999999,0.071,0.5,0.33299999999999996,0,0.16699999999999998,0,0,0.19,0.375,0.441,0.327,0.245,0.75,0.14300000000000002,0.7140000000000001,0.061,1,0.22399999999999998,0.455,0.02,1,0.040999999999999995,1.25,0.19,0.16699999999999998,0.28600000000000003,0.095,1,0.024,1,0.5710000000000001,0.41700000000000004,0,0,0,0
Eastern Ill.,2020-21,0.39399999999999996,0.33299999999999996,0.318,0.14300000000000002,0.379,0.4,0.1,0.28800000000000003,0.316,1,0.22699999999999998,0.5329999999999999,0.353,0.48200000000000004,0.35100000000000003,0.55,0.05,0.24600000000000002,0.429,0.214,0.40399999999999997,0.304,0,0.263,0.6,0.44,0.273,0.182,0.5,0.218,0.25,0.055,0.33299999999999996,0.436,0.354,0.036000000000000004,1,0,0,0.3,0.22,0.545,0.16,0.562,0.04,1,0.42,0.47600000000000003,0.04,0.5,0,0
Fla. Atlantic,2020-21,0.484,0.19699999999999998,0.5,0.16699999999999998,0.213,0.308,0.25,0.59,0.361,0.846,0.18,0.727,0.43,0.659,0.439,0.722,0.111,0.195,0.25,0.125,0.366,0.5329999999999999,0,0.171,0.857,0.618,0.22399999999999998,0.163,0.562,0.163,0.43799999999999994,0.02,1.5,0.429,0.524,0.040999999999999995,1,0.102,0.7,0.184,0.105,0.75,0.263,0.5,0,0,0.5,0.605,0.079,1,0,0
SIUE,2020-21,0.5329999999999999,0.255,0.815,0.364,0.387,0.293,0.25,0.358,0.395,0.867,0.16,0.735,0.494,0.58,0.27699999999999997,0.667,0.152,0.319,0.368,0.079,0.40299999999999997,0.45799999999999996,0.042,0.185,0.795,0.531,0.185,0.065,0.667,0.207,0.5,0.076,0.643,0.435,0.425,0.043,1,0.011000000000000001,1.5,0.22,0.15,0.9,0.18,0.41700000000000004,0.03,0.667,0.34,0.485,0.04,0.5,0.04,0.25
Lamar University,2020-21,0.31,0.34,0.41200000000000003,0.5710000000000001,0.4,0.35,0.5710000000000001,0.26,0.077,0,0.32,0.469,0.235,0.507,0.319,0.609,0,0.222,0.188,0,0.45799999999999996,0.39399999999999996,0,0.23600000000000002,0.647,0.46399999999999997,0.37200000000000005,0.11599999999999999,0.7,0.163,0.14300000000000002,0.18600000000000003,0.375,0.349,0.33299999999999996,0.07,0.33299999999999996,0,0,0.298,0.228,0.769,0.158,0.667,0.035,0,0.33299999999999996,0.395,0.035,0.5,0.035,0.5
Kansas St.,2020-21,0.518,0.33899999999999997,0.526,0.1,0.268,0.467,0.5710000000000001,0.39299999999999996,0.364,0.875,0.179,0.65,0.489,0.542,0.4,0.625,0.083,0.217,0.5379999999999999,0.077,0.38299999999999995,0.304,0,0.11699999999999999,0.929,0.491,0.213,0.17,0.625,0.17,0.125,0.043,0.75,0.489,0.435,0,0,0.021,0,0.14,0.06,1,0.18,0.556,0.02,1.5,0.48,0.479,0.06,0.667,0.06,0.5
St. John's (NY),2020-21,0.483,0.479,0.483,0.536,0.215,0.423,0.182,0.306,0.35100000000000003,0.846,0.314,0.5660000000000001,0.446,0.518,0.48700000000000004,0.527,0.109,0.124,0.5,0.071,0.389,0.341,0,0.23,0.5579999999999999,0.506,0.376,0.228,0.5429999999999999,0.129,0.5379999999999999,0.069,0.429,0.27699999999999997,0.429,0.079,0.75,0.03,0.33299999999999996,0.27399999999999997,0.126,0.708,0.13699999999999998,0.26899999999999996,0.053,0.4,0.4,0.5920000000000001,0.095,0.444,0.021,0.5
Pepperdine,2020-21,0.562,0.203,0.9229999999999999,0.33299999999999996,0.42200000000000004,0.444,0.41700000000000004,0.375,0.33299999999999996,0.75,0.23399999999999999,0.7,0.52,0.435,0.24600000000000002,0.529,0.059000000000000004,0.536,0.324,0.054000000000000006,0.217,0.4,0,0.13,0.278,0.45799999999999996,0.268,0.214,0.792,0.214,0.667,0.036000000000000004,0,0.35700000000000004,0.4,0.018000000000000002,1,0.036000000000000004,0.5,0.16699999999999998,0.09300000000000001,0.3,0.222,0.75,0.037000000000000005,0,0.5,0.315,0.037000000000000005,0.5,0.019,0
UNI,2020-21,0.619,0.175,0.273,0.33299999999999996,0.20600000000000002,0.462,0,0.619,0.513,0.75,0.33299999999999996,0.524,0.667,0.508,0.415,0.63,0.037000000000000005,0.27699999999999997,0.389,0,0.308,0.3,0,0.354,0.609,0.452,0.368,0.193,0.409,0.105,0.25,0.175,0.65,0.40399999999999997,0.7829999999999999,0,0,0.018000000000000002,0,0.397,0.276,0.562,0.155,0.16699999999999998,0.034,1,0.32799999999999996,0.632,0.086,0.6,0.034,0.5
Ark.-Pine Bluff,2020-21,0.295,0.303,0.35,0.28600000000000003,0.39399999999999996,0.308,0.375,0.303,0.15,0.33299999999999996,0.182,0.16699999999999998,0.324,0.607,0.39299999999999996,0.636,0.136,0.14300000000000002,0.625,0,0.46399999999999997,0.385,0,0.33899999999999997,0.447,0.6890000000000001,0.226,0.151,0.25,0.151,0.312,0.057,0,0.47200000000000003,0.32,0.019,0,0.019,1,0.40399999999999997,0.298,0.536,0.191,0.778,0.106,0.2,0.23399999999999999,0.591,0,0,0.021,1
Texas Southern,2020-21,0.336,0.39299999999999996,0.41700000000000004,0.2,0.295,0.16699999999999998,0.33299999999999996,0.311,0.263,0.8,0.32799999999999996,0.425,0.293,0.33,0.28,0.429,0.14300000000000002,0.16,0.375,0,0.56,0.179,0.036000000000000004,0.26,0.5,0.27,0.392,0.275,0.39299999999999996,0.11800000000000001,0.16699999999999998,0.078,0.5,0.294,0.33299999999999996,0.039,0.5,0.059000000000000004,0,0.295,0.273,0.542,0.182,0.375,0.023,0,0.273,0,0,0,0,0
Colorado,2020-21,0.479,0.28800000000000003,0.47600000000000003,0.5,0.37,0.37,0.6,0.342,0.4,0.9,0.32899999999999996,0.583,0.429,0.358,0.36700000000000005,0.5,0.136,0.3,0.33299999999999996,0.055999999999999994,0.33299999999999996,0.15,0.05,0.2,0.16699999999999998,0.406,0.381,0.27,0.5589999999999999,0.127,0.375,0.063,0.875,0.365,0.522,0.048,0.33299999999999996,0,0,0.245,0.184,0.222,0.184,0.33299999999999996,0.040999999999999995,0,0.49,0.562,0.02,0,0.02,0
VMI,2020-21,0.593,0.414,0.7240000000000001,0.429,0.043,0.33299999999999996,1,0.5429999999999999,0.342,1,0.28600000000000003,0.725,0.54,0.491,0.377,0.45,0.15,0.264,0.14300000000000002,0,0.358,0.526,0,0.321,0.588,0.444,0.32299999999999995,0.226,0.607,0.161,0.6,0.048,1,0.306,0.42100000000000004,0.048,1,0,0,0.36200000000000004,0.191,0.389,0.191,0.556,0.106,0.7,0.27699999999999997,0.462,0.064,1,0,0
Saint Mary's (CA),2020-21,0.34700000000000003,0.373,0.5,0.545,0.322,0.42100000000000004,0.375,0.305,0.055999999999999994,1,0.18600000000000003,0.591,0.292,0.485,0.522,0.486,0.057,0.239,0.312,0,0.239,0.43799999999999994,0,0.358,0.43799999999999994,0.512,0.21600000000000003,0.17600000000000002,0.611,0.21600000000000003,0.182,0.02,0,0.41200000000000003,0.381,0.02,1,0.02,0,0.39299999999999996,0.32799999999999996,0.35,0.14800000000000002,0.667,0.033,0.5,0.311,0.526,0.033,1.25,0.016,0
Auburn,2020-21,0.493,0.426,0.655,0.42100000000000004,0.10300000000000001,0.14300000000000002,1,0.47100000000000003,0.281,0.556,0.265,0.278,0.57,0.514,0.37799999999999995,0.607,0.179,0.081,0.5,0,0.541,0.3,0,0.257,0.474,0.527,0.316,0.228,0.308,0.228,0.462,0.053,0.33299999999999996,0.33299999999999996,0.342,0.035,0,0,0,0.306,0.19399999999999998,0.583,0.113,0.7140000000000001,0.09699999999999999,0.16699999999999998,0.387,0.43799999999999994,0.016,1,0.016,1
Idaho St.,2020-21,0.429,0.36700000000000005,0.444,0.625,0.184,0.111,0,0.449,0.364,0.75,0.08199999999999999,0.25,0.444,0.46399999999999997,0.5,0.5710000000000001,0.036000000000000004,0.28600000000000003,0.25,0,0.214,0.33299999999999996,0,0.28600000000000003,0.469,0.462,0.098,0.098,0.25,0.439,0.33299999999999996,0,0,0.366,0.5,0,0,0,0,0.34,0.255,0.542,0.149,0.429,0.043,0,0.23399999999999999,0,0.043,0.5,0,0
South Carolina St.,2020-21,0.344,0.33799999999999997,0.444,0.33299999999999996,0.262,0.23800000000000002,0.2,0.4,0.21899999999999997,1,0.325,0.519,0.259,0.573,0.46799999999999997,0.759,0,0.09699999999999999,0.5,0,0.435,0.259,0,0.306,0.632,0.547,0.38799999999999996,0.11900000000000001,0.625,0.11900000000000001,0,0.134,0.444,0.34299999999999997,0.261,0.134,0.5,0,0,0.35200000000000004,0.24100000000000002,0.5,0.33299999999999996,0.5,0.055999999999999994,0.667,0.24100000000000002,0.462,0.055999999999999994,1.167,0.019,0
Saint Peter's,2020-21,0.585,0.5760000000000001,0.5589999999999999,0.579,0.068,0.5,0.5,0.35600000000000004,0.429,1,0.153,0.722,0.56,0.466,0.525,0.387,0.129,0.153,0.556,0,0.322,0.368,0.053,0.254,0.433,0.47700000000000004,0.17600000000000002,0.098,0.7,0.196,0.25,0.039,0.5,0.373,0.5529999999999999,0.039,1,0.02,1,0.312,0.20800000000000002,0.35,0.10400000000000001,1,0.062,0.33299999999999996,0.375,0.41700000000000004,0.042,1,0.021,0
Western Mich.,2020-21,0.55,0.36,0.444,0.25,0.28,0.429,0.33299999999999996,0.36,0.5,1,0.22,0.364,0.603,0.447,0.33299999999999996,0.474,0.158,0.316,0.5,0.055999999999999994,0.35100000000000003,0.25,0.05,0.21100000000000002,0.292,0.489,0.23399999999999999,0.23399999999999999,0.364,0.27699999999999997,0.5770000000000001,0,0,0.40399999999999997,0.684,0,0,0,0,0.226,0.18899999999999997,0.25,0.20800000000000002,0.273,0.019,1,0.396,0.5479999999999999,0.019,0,0.019,1
Virginia,2020-21,0.675,0.317,0.7,0.28600000000000003,0.222,0.429,0.16699999999999998,0.46,0.517,0.733,0.254,0.688,0.67,0.439,0.449,0.409,0.22699999999999998,0.22399999999999998,0.182,0,0.327,0.43799999999999994,0,0.122,0.667,0.40700000000000003,0.29600000000000004,0.24100000000000002,0.6920000000000001,0.222,0.625,0.037000000000000005,0.5,0.33299999999999996,0.444,0.019,1,0.019,0,0.136,0.114,0.5,0.22699999999999998,0.45,0,0,0.568,0.34,0.023,1.5,0,0
Kentucky,2020-21,0.61,0.305,0.778,0.429,0.424,0.52,0.5379999999999999,0.271,0.375,0.833,0.373,0.5,0.6759999999999999,0.363,0.314,0.688,0.125,0.255,0.231,0.154,0.431,0.136,0.091,0.255,0.462,0.32899999999999996,0.449,0.28600000000000003,0.46399999999999997,0.061,1,0.102,0.7,0.22399999999999998,0.5,0.061,0.33299999999999996,0.02,0,0.28300000000000003,0.196,0.278,0.109,0.4,0.043,1.25,0.435,0.325,0.043,0.5,0,0
Charleston So.,2020-21,0.534,0.409,0.611,0.182,0.341,0.33299999999999996,0.2,0.25,0.455,0.6,0.318,0.536,0.5329999999999999,0.604,0.358,0.667,0.042,0.299,0.4,0,0.34299999999999997,0.478,0,0.358,0.583,0.616,0.35,0.2,0.312,0.075,0.833,0.125,0.8,0.4,0.43799999999999994,0.025,1,0,0,0.42100000000000004,0.193,0.318,0.08800000000000001,0.7,0.08800000000000001,0.8,0.24600000000000002,0.607,0.14,0.812,0.018000000000000002,1.5
ETSU,2020-21,0.324,0.314,0.5,0.25,0.275,0.28600000000000003,0,0.41200000000000003,0.14300000000000002,1,0.196,0.2,0.354,0.541,0.245,0.16699999999999998,0.083,0.28600000000000003,0.35700000000000004,0.071,0.469,0.565,0,0.163,0.43799999999999994,0.561,0.22699999999999998,0.114,0.2,0.22699999999999998,0.45,0,0,0.341,0.2,0.114,0.2,0.023,0,0.17800000000000002,0.044000000000000004,0.5,0.311,0.536,0.044000000000000004,0.5,0.311,0.607,0.08900000000000001,0.375,0.044000000000000004,0.75
Wisconsin,2020-21,0.48200000000000004,0.35100000000000003,0.55,0.636,0.24600000000000002,0.429,0.5,0.40399999999999997,0.304,0.857,0.263,0.6,0.44,0.39399999999999996,0.33299999999999996,0.318,0.364,0.379,0.4,0.08,0.28800000000000003,0.316,0,0.22699999999999998,0.5329999999999999,0.353,0.3,0.22,0.545,0.16,0.562,0.04,1,0.42,0.47600000000000003,0.04,0.5,0,0,0.273,0.182,0.5,0.218,0.25,0.055,0.33299999999999996,0.436,0.354,0.036000000000000004,1,0,0
Alabama,2020-21,0.435,0.46799999999999997,0.528,0.21100000000000002,0.13,0.4,0.5,0.40299999999999997,0.226,0.7140000000000001,0.377,0.483,0.406,0.341,0.23199999999999998,0.5,0.062,0.304,0.095,0,0.46399999999999997,0.281,0.031,0.203,0.75,0.23600000000000002,0.46,0.33299999999999996,0.381,0.111,0.7859999999999999,0.048,0.33299999999999996,0.254,0.375,0.079,1,0,0,0.259,0.204,0.636,0.185,0.3,0.055999999999999994,1.167,0.35200000000000004,0.132,0,0,0.055999999999999994,0.667
Tennessee Tech,2020-21,0.447,0.263,0.733,0.273,0.298,0.41200000000000003,0.14300000000000002,0.439,0.2,0.8,0.105,0.5,0.441,0.608,0.523,0.6759999999999999,0.028999999999999998,0.185,0.75,0,0.292,0.263,0.053,0.32299999999999995,0.595,0.614,0.115,0.057999999999999996,0.667,0.28800000000000003,0.5670000000000001,0.019,0,0.48100000000000004,0.32,0.038,0.5,0,0,0.368,0.21100000000000002,0.542,0.12300000000000001,0.5,0.105,0.5,0.263,0.5670000000000001,0.053,1,0,0
Western Caro.,2020-21,0.633,0.609,0.59,0.304,0.078,0.8,0.25,0.312,0.45,0.778,0.32799999999999996,0.762,0.57,0.435,0.46799999999999997,0.44799999999999995,0.138,0.113,0.28600000000000003,0,0.419,0.308,0,0.371,0.478,0.41,0.35600000000000004,0.237,0.75,0.11900000000000001,0.929,0.068,0.875,0.424,0.42,0.051,0.667,0.017,0,0.418,0.218,0.33299999999999996,0.109,0,0.145,0.75,0.327,0.444,0.055,0.33299999999999996,0.018000000000000002,1
La Salle,2020-21,0.444,0.389,0.47600000000000003,0.4,0.185,0.5,0.4,0.426,0.261,0.667,0.315,0.47100000000000003,0.43200000000000005,0.5,0.435,0.593,0.14800000000000002,0.27399999999999997,0.353,0.059000000000000004,0.29,0.33299999999999996,0.055999999999999994,0.371,0.652,0.41,0.386,0.159,0.7140000000000001,0.068,0.33299999999999996,0.068,0.33299999999999996,0.43200000000000005,0.632,0.159,0.28600000000000003,0.023,0,0.434,0.245,0.6920000000000001,0.151,0.25,0.075,0.5,0.18899999999999997,0.45,0.113,0.667,0.038,0.5
Kansas,2020-21,0.597,0.371,0.565,0.077,0.33899999999999997,0.5710000000000001,0.25,0.29,0.444,0.75,0.29,0.611,0.591,0.6940000000000001,0.597,0.784,0.081,0.113,0.7140000000000001,0,0.29,0.33299999999999996,0,0.40299999999999997,0.68,0.703,0.305,0.18600000000000003,0.773,0.102,0.833,0.085,0.5,0.424,0.56,0.034,0,0.017,0,0.424,0.237,0.5710000000000001,0.11900000000000001,0.7140000000000001,0.068,1,0.35600000000000004,0.738,0.11900000000000001,0.7140000000000001,0,0
Grambling,2020-21,0.371,0.397,0.652,0.2,0.431,0.2,0.2,0.172,0.1,1,0.259,0.4,0.36,0.466,0.414,0.542,0.125,0.22399999999999998,0.385,0.077,0.36200000000000004,0.28600000000000003,0,0.31,0.47200000000000003,0.462,0.28300000000000003,0.18899999999999997,0.3,0.132,0.28600000000000003,0.019,0,0.358,0.368,0.075,0.75,0.038,0,0.391,0.28300000000000003,0.385,0.217,0.45,0.022000000000000002,1.5,0.261,0.5,0.087,0.5,0,0
Grand Canyon,2020-21,0.466,0.414,0.542,0.385,0.22399999999999998,0.385,0.4,0.36200000000000004,0.28600000000000003,0.833,0.31,0.47200000000000003,0.462,0.371,0.397,0.652,0.043,0.431,0.2,0.04,0.172,0.1,0,0.259,0.4,0.36,0.391,0.28300000000000003,0.385,0.217,0.45,0.022000000000000002,1.5,0.261,0.5,0.087,0.5,0,0,0.28300000000000003,0.18899999999999997,0.3,0.132,0.28600000000000003,0.019,0,0.358,0.368,0.075,0.75,0.038,0
Michigan St.,2020-21,0.655,0.327,0.778,0.857,0.16399999999999998,0.444,0.75,0.509,0.429,0.917,0.23600000000000002,0.731,0.631,0.43799999999999994,0.281,0.722,0.111,0.391,0.36,0.12,0.32799999999999996,0.19,0,0.281,0.41700000000000004,0.446,0.25,0.212,0.682,0.17300000000000001,0.111,0.038,1,0.423,0.727,0,0,0.019,0,0.31,0.172,0.35,0.155,0.5,0.052000000000000005,0.33299999999999996,0.379,0.295,0.086,0.6,0.017,1
Mississippi Val.,2020-21,0.41,0.20800000000000002,0.5329999999999999,0.125,0.25,0.111,0,0.542,0.33299999999999996,0.6920000000000001,0.361,0.48100000000000004,0.37,0.674,0.40700000000000003,0.7709999999999999,0.057,0.128,0.091,0.273,0.465,0.5,0.025,0.43,0.662,0.684,0.4,0.2,0.308,0.10800000000000001,0.5710000000000001,0.16899999999999998,0.682,0.415,0.29600000000000004,0.031,0.5,0,0,0.529,0.35700000000000004,0.62,0.1,0.214,0.129,0.667,0.18600000000000003,0.654,0.043,1,0,0
UC Riverside,2020-21,0.532,0.34,0.625,0.1,0.27699999999999997,0.462,0.33299999999999996,0.38299999999999995,0.33299999999999996,0.833,0.17,0.43799999999999994,0.551,0.48200000000000004,0.418,0.522,0,0.327,0.389,0,0.255,0.35700000000000004,0,0.255,0.321,0.537,0.19,0.095,0,0.19,0.625,0.095,0.875,0.381,0.344,0,0,0.024,0,0.311,0.222,0.1,0.111,0.8,0.044000000000000004,0.75,0.289,0.5770000000000001,0.044000000000000004,1,0.022000000000000002,1.5
Clemson,2020-21,0.39799999999999996,0.204,0.636,0.429,0.33299999999999996,0.389,0.7140000000000001,0.46299999999999997,0.2,1,0.14800000000000002,0.25,0.424,0.34,0.36,0.5,0.055999999999999994,0.38,0.105,0.053,0.26,0.308,0,0.34,0.265,0.379,0.174,0.152,0.28600000000000003,0.261,0.45799999999999996,0.022000000000000002,0,0.239,0.5,0,0,0.065,0,0.405,0.31,0.26899999999999996,0.11900000000000001,0.5,0.071,0.33299999999999996,0.31,0.192,0.024,0,0,0
UMBC,2020-21,0.4,0.27699999999999997,0.611,0.455,0.354,0.261,0.5,0.369,0.25,0.833,0.369,0.375,0.415,0.42,0.267,0.7,0,0.373,0.25,0.071,0.36,0.259,0,0.307,0.478,0.39399999999999996,0.40700000000000003,0.203,0.45799999999999996,0.153,0.389,0.102,0.41700000000000004,0.254,0.16699999999999998,0.102,0.16699999999999998,0.034,1.25,0.397,0.32799999999999996,0.474,0.10300000000000001,0.5,0.017,0,0.32799999999999996,0.289,0.052000000000000005,0.667,0,0
The Citadel,2020-21,0.597,0.09,0.833,0.2,0.32799999999999996,0.364,0.125,0.5820000000000001,0.462,0.778,0.299,0.5,0.638,0.402,0.33299999999999996,0.409,0.136,0.39399999999999996,0.26899999999999996,0.115,0.273,0.389,0,0.39399999999999996,0.34600000000000003,0.43799999999999994,0.385,0.212,0.682,0.096,0.3,0.077,0.25,0.28800000000000003,0.6,0.096,0.3,0.038,1.25,0.426,0.311,0.395,0.033,0,0.066,0.375,0.377,0.435,0.049,0,0.033,0.5
UMass Lowell,2020-21,0.583,0.381,0.625,0.5,0.33299999999999996,0.5,0.857,0.28600000000000003,0.41700000000000004,0.6,0.11900000000000001,0.5,0.595,0.418,0.426,0.5379999999999999,0.077,0.14800000000000002,0.444,0,0.426,0.192,0.038,0.14800000000000002,0.556,0.39399999999999996,0.132,0.079,0.33299999999999996,0.289,0.22699999999999998,0.026000000000000002,1.5,0.395,0.733,0.026000000000000002,0,0,0,0.16699999999999998,0.07400000000000001,0.25,0.111,0.16699999999999998,0.09300000000000001,0.8,0.426,0.5429999999999999,0,0,0.037000000000000005,0.5
South Alabama,2020-21,0.659,0.439,0.722,0.308,0.195,0.25,0,0.366,0.5329999999999999,0.375,0.171,0.857,0.618,0.484,0.19699999999999998,0.5,0.083,0.213,0.308,0.077,0.59,0.361,0,0.18,0.727,0.43,0.184,0.105,0.75,0.263,0.5,0,0,0.5,0.605,0.079,1,0,0,0.22399999999999998,0.163,0.562,0.163,0.43799999999999994,0.02,1.5,0.429,0.524,0.040999999999999995,1,0.102,0.7
Butler,2020-21,0.447,0.33299999999999996,0.474,0.222,0.316,0.5,0,0.35100000000000003,0.25,1,0.21100000000000002,0.292,0.489,0.55,0.36,0.444,0.055999999999999994,0.28,0.429,0,0.36,0.5,0,0.22,0.364,0.603,0.226,0.18899999999999997,0.25,0.20800000000000002,0.273,0.019,1,0.396,0.5479999999999999,0.019,0,0.019,1,0.23399999999999999,0.23399999999999999,0.364,0.27699999999999997,0.5770000000000001,0,0,0.40399999999999997,0.684,0,0,0,0
Evansville,2020-21,0.36200000000000004,0.191,0.778,0,0.255,0.083,1,0.5529999999999999,0.231,0.5,0.085,0.625,0.337,0.642,0.434,0.7829999999999999,0,0.264,0.5,0,0.302,0.375,0,0.302,0.594,0.662,0.091,0.068,0.5,0.182,0.312,0,0,0.545,0.41700000000000004,0.023,1,0,0,0.35600000000000004,0.289,0.5379999999999999,0.289,0.5770000000000001,0.044000000000000004,0.5,0.244,0.591,0.022000000000000002,1.5,0.022000000000000002,1
Iowa,2020-21,0.561,0.364,0.708,0.47100000000000003,0.182,0.41700000000000004,0.4,0.455,0.33299999999999996,1,0.39399999999999996,0.48100000000000004,0.612,0.474,0.491,0.536,0.214,0.175,0.3,0.1,0.33299999999999996,0.316,0,0.158,0.444,0.479,0.473,0.23600000000000002,0.654,0.127,0.7140000000000001,0.145,0.375,0.255,0.46399999999999997,0.091,0.2,0,0,0.196,0.087,0.25,0.217,0.5,0.065,0.667,0.478,0.614,0.043,0.5,0,0
Florida A&M,2020-21,0.52,0.24,0.5,0.5,0.38,0.579,0.182,0.38,0.316,0.5,0.2,0.45,0.5379999999999999,0.627,0.49,0.76,0.16,0.098,0.8,0,0.41200000000000003,0.28600000000000003,0,0.196,0.75,0.598,0.233,0.11599999999999999,0.2,0.11599999999999999,0.6,0.047,1.25,0.349,0.6,0.07,0.33299999999999996,0.023,0,0.213,0.128,0.75,0.191,0.5,0.021,0,0.36200000000000004,0.5589999999999999,0.064,1,0.021,0
TCU,2020-21,0.516,0.39299999999999996,0.667,0.312,0.18,0.455,0.4,0.426,0.26899999999999996,1,0.18,0.591,0.5,0.348,0.429,0.45799999999999996,0.125,0.33899999999999997,0.21100000000000002,0.053,0.23199999999999998,0.231,0.077,0.196,0.091,0.41100000000000003,0.22,0.18,0.5,0.24,0.583,0,0,0.38,0.474,0.04,1,0.04,0,0.212,0.115,0,0.231,0.625,0.038,0,0.442,0.348,0.057999999999999996,0.33299999999999996,0.019,0
Col. of Charleston,2020-21,0.467,0.3,0.667,0.5,0.317,0.21100000000000002,0,0.38299999999999995,0.348,0.75,0.233,0.35700000000000004,0.5,0.423,0.324,0.696,0,0.423,0.267,0.1,0.254,0.222,0,0.31,0.409,0.429,0.275,0.21600000000000003,0.273,0.17600000000000002,0.722,0.02,1,0.41200000000000003,0.429,0.039,0.5,0.039,0.5,0.39299999999999996,0.304,0.353,0.071,0.25,0.071,0.5,0.33899999999999997,0.342,0.018000000000000002,1,0,0
Saint Joseph's,2020-21,0.514,0.37799999999999995,0.607,0.41200000000000003,0.081,0.5,0.667,0.541,0.3,0.917,0.257,0.474,0.527,0.493,0.426,0.655,0.069,0.10300000000000001,0.14300000000000002,0,0.47100000000000003,0.281,0,0.265,0.278,0.57,0.306,0.19399999999999998,0.583,0.113,0.7140000000000001,0.09699999999999999,0.16699999999999998,0.387,0.43799999999999994,0.016,1,0.016,1,0.316,0.228,0.308,0.228,0.462,0.053,0.33299999999999996,0.33299999999999996,0.342,0.035,0,0,0
Ohio St.,2020-21,0.531,0.469,0.7,0.429,0.25,0.25,0.5,0.281,0.33299999999999996,0.833,0.32799999999999996,0.619,0.488,0.465,0.21100000000000002,0.583,0.16699999999999998,0.439,0.24,0.04,0.35100000000000003,0.45,0,0.24600000000000002,0.5710000000000001,0.43,0.375,0.321,0.611,0.125,1,0.018000000000000002,1,0.33899999999999997,0.447,0.036000000000000004,0.5,0,0,0.26899999999999996,0.192,0.6,0.135,0.14300000000000002,0.038,0,0.442,0.304,0.038,1,0,0
North Carolina,2020-21,0.423,0.324,0.696,0.25,0.423,0.267,0.5,0.254,0.222,1,0.31,0.409,0.429,0.467,0.3,0.667,0.16699999999999998,0.317,0.21100000000000002,0.316,0.38299999999999995,0.348,0,0.233,0.35700000000000004,0.5,0.39299999999999996,0.304,0.353,0.071,0.25,0.071,0.5,0.33899999999999997,0.342,0.018000000000000002,1,0,0,0.275,0.21600000000000003,0.273,0.17600000000000002,0.722,0.02,1,0.41200000000000003,0.429,0.039,0.5,0.039,0.5
Northern Ky.,2020-21,0.47700000000000004,0.292,0.526,0.4,0.27699999999999997,0.5,0.444,0.431,0.28600000000000003,1,0.16899999999999998,0.727,0.426,0.484,0.375,0.625,0,0.266,0.41200000000000003,0,0.359,0.261,0,0.281,0.611,0.435,0.256,0.14,0.75,0.209,0.389,0.11599999999999999,0.7,0.442,0.263,0,0,0,0,0.3,0.217,0.5379999999999999,0.11699999999999999,0.28600000000000003,0.067,0.75,0.433,0.5379999999999999,0.017,1,0.017,0
Oral Roberts,2020-21,0.402,0.106,1,0.28600000000000003,0.364,0.375,0.222,0.53,0.2,0.5710000000000001,0.303,0.425,0.391,0.609,0.391,0.8,0,0.21899999999999997,0.28600000000000003,0.14300000000000002,0.391,0.4,0.04,0.32799999999999996,0.643,0.593,0.37,0.204,0.22699999999999998,0,0,0.13,0.643,0.426,0.435,0.037000000000000005,0.75,0.055999999999999994,0,0.396,0.245,0.615,0.094,0.8,0.113,0.75,0.358,0.447,0.038,0.5,0.019,0
Navy,2020-21,0.5539999999999999,0.308,0.6,0.833,0.32299999999999995,0.429,0.778,0.369,0.41700000000000004,0.9,0.16899999999999998,0.318,0.602,0.5589999999999999,0.235,0.667,0.083,0.21600000000000003,0.636,0.091,0.5489999999999999,0.321,0,0.196,0.4,0.598,0.193,0.08800000000000001,0.2,0.228,0.5,0.053,0.5,0.368,0.643,0.053,0.33299999999999996,0.035,0,0.20800000000000002,0.146,0.429,0.146,0.429,0.042,0,0.521,0.62,0.021,1,0.021,0
Ga. Southern,2020-21,0.5710000000000001,0.636,0.633,0.355,0.10400000000000001,0.5,0.25,0.26,0.3,1,0.273,0.643,0.545,0.45899999999999996,0.213,0.6920000000000001,0.077,0.24600000000000002,0.267,0.067,0.541,0.303,0,0.361,0.455,0.462,0.32799999999999996,0.25,0.531,0.141,0.5,0.016,1,0.344,0.636,0.062,1,0.016,0,0.4,0.2,0.818,0.073,0.75,0.16399999999999998,0.111,0.4,0.455,0.036000000000000004,0,0,0
N.C. A&T,2020-21,0.425,0.228,0.621,0.444,0.425,0.278,0.33299999999999996,0.34600000000000003,0.318,0.7140000000000001,0.307,0.37200000000000005,0.449,0.633,0.273,0.8420000000000001,0,0.259,0.306,0.083,0.46799999999999997,0.462,0,0.281,0.679,0.615,0.336,0.155,0.444,0.095,0.455,0.10300000000000001,0.292,0.397,0.413,0.078,0.33299999999999996,0,0,0.331,0.254,0.7,0.22,0.40399999999999997,0.034,0.25,0.263,0.8059999999999999,0.042,0.9,0.008,0
Santa Clara,2020-21,0.46399999999999997,0.5,0.5710000000000001,0.312,0.28600000000000003,0.25,0.25,0.214,0.33299999999999996,0.5,0.28600000000000003,0.469,0.462,0.429,0.36700000000000005,0.444,0.111,0.184,0.111,0.111,0.449,0.364,0.045,0.08199999999999999,0.25,0.444,0.34,0.255,0.542,0.149,0.429,0.043,0,0.23399999999999999,0,0.043,0.5,0,0,0.098,0.098,0.25,0.439,0.33299999999999996,0,0,0.366,0.5,0,0,0,0
CSUN,2020-21,0.551,0.304,0.625,0.6,0.266,0.429,0.33299999999999996,0.43,0.382,1,0.32899999999999996,0.615,0.519,0.469,0.43799999999999994,0.536,0.179,0.094,0.5,0,0.469,0.267,0.033,0.23399999999999999,0.2,0.551,0.406,0.281,0.667,0.141,0.556,0.094,0.667,0.344,0.318,0.031,0,0,0,0.28800000000000003,0.17300000000000001,0.222,0.057999999999999996,0.33299999999999996,0.077,0.25,0.48100000000000004,0.56,0.038,0,0.019,0
California,2020-21,0.44799999999999995,0.31,0.611,0.273,0.259,0.4,0.16699999999999998,0.431,0.24,0.833,0.345,0.425,0.461,0.491,0.36200000000000004,0.5710000000000001,0.048,0.44799999999999995,0.34600000000000003,0.038,0.19,0.455,0,0.259,0.5329999999999999,0.47700000000000004,0.377,0.17,0.16699999999999998,0.20800000000000002,0.545,0.113,0.667,0.321,0.294,0.094,0.6,0,0,0.312,0.22899999999999998,0.455,0.16699999999999998,0.625,0.042,1,0.354,0.382,0.042,0.5,0.062,0
Georgia St.,2020-21,0.537,0.45299999999999996,0.6509999999999999,0.35700000000000004,0.23199999999999998,0.364,0.125,0.316,0.33299999999999996,0.5,0.337,0.531,0.54,0.40299999999999997,0.45899999999999996,0.444,0.17800000000000002,0.204,0.45,0,0.337,0.212,0,0.204,0.4,0.40399999999999997,0.376,0.212,0.361,0.094,0.25,0.153,0.731,0.353,0.55,0.012,1,0,0,0.282,0.183,0.34600000000000003,0.113,0.125,0.055999999999999994,0.25,0.423,0.38299999999999995,0.042,0.833,0.055999999999999994,0.375
North Dakota,2020-21,0.45399999999999996,0.278,0.667,0.1,0.222,0.33299999999999996,0.25,0.5,0.259,0.857,0.185,0.4,0.466,0.5529999999999999,0.263,0.467,0.067,0.491,0.607,0,0.24600000000000002,0.35700000000000004,0,0.21100000000000002,0.583,0.544,0.217,0.152,0.429,0.174,0,0.043,0,0.5,0.5429999999999999,0.022000000000000002,1,0,0,0.245,0.184,0.444,0.14300000000000002,1,0.02,1,0.408,0.5,0.040999999999999995,1,0.040999999999999995,0.5
Saint Louis,2020-21,0.541,0.23,0.5710000000000001,0.75,0.41,0.4,0.3,0.361,0.455,0.7,0.18,0.818,0.48,0.429,0.28600000000000003,0.7859999999999999,0,0.49,0.292,0,0.22399999999999998,0.182,0,0.14300000000000002,0.5710000000000001,0.405,0.22,0.16,0.875,0.18,0.667,0.02,1,0.28,0.429,0.04,0.5,0.02,0,0.159,0.023,0,0.22699999999999998,0.35,0.068,0.33299999999999996,0.455,0.25,0.068,1,0.023,1.5
Purdue Fort Wayne,2020-21,0.557,0.409,0.611,0.545,0.114,0.6,0,0.47700000000000004,0.33299999999999996,1,0.341,0.767,0.44799999999999995,0.309,0.513,0.462,0.026000000000000002,0.11800000000000001,0.444,0,0.368,0.036000000000000004,0,0.171,0.231,0.325,0.35700000000000004,0.23800000000000002,0.55,0.19,0.312,0.071,1.167,0.33299999999999996,0.5,0.048,1.25,0.024,1.5,0.217,0.15,0.222,0.083,0.2,0.05,0,0.41700000000000004,0.34,0.017,1,0,0
Mercer,2020-21,0.573,0.435,0.667,0.556,0.161,0.4,0.25,0.40299999999999997,0.36,0.889,0.29,0.778,0.489,0.349,0.46,0.414,0.10300000000000001,0.27,0.235,0,0.27,0.235,0,0.222,0.39299999999999996,0.337,0.34,0.302,0.812,0.18899999999999997,0.35,0.019,0,0.245,0.5770000000000001,0.019,1,0.019,0,0.24100000000000002,0.19,0.318,0.121,0.35700000000000004,0.017,0,0.414,0.5,0.034,1,0.069,0
Oregon St.,2020-21,0.491,0.36200000000000004,0.5710000000000001,0.41700000000000004,0.44799999999999995,0.34600000000000003,0.556,0.19,0.455,0.8,0.259,0.5329999999999999,0.47700000000000004,0.44799999999999995,0.31,0.611,0,0.259,0.4,0.2,0.431,0.24,0,0.345,0.425,0.461,0.312,0.22899999999999998,0.455,0.16699999999999998,0.625,0.042,1,0.354,0.382,0.042,0.5,0.062,0,0.377,0.17,0.16699999999999998,0.20800000000000002,0.545,0.113,0.667,0.321,0.294,0.094,0.6,0,0
Kennesaw St.,2020-21,0.5920000000000001,0.385,0.84,0.19,0.16899999999999998,0.364,0.5,0.446,0.31,0.889,0.32299999999999995,0.643,0.568,0.295,0.32799999999999996,0.3,0.15,0.361,0.273,0.045,0.311,0.21100000000000002,0,0.19699999999999998,0.25,0.306,0.368,0.263,0.633,0.21100000000000002,0.625,0.035,0.5,0.21100000000000002,0.667,0.07,0.75,0,0,0.245,0.184,0.111,0.14300000000000002,0,0.02,1,0.38799999999999996,0.158,0.040999999999999995,0.5,0.02,0
Southern California,2020-21,0.598,0.39399999999999996,0.6920000000000001,0.444,0.318,0.667,0.429,0.28800000000000003,0.263,0.8,0.22699999999999998,0.5670000000000001,0.608,0.5920000000000001,0.29600000000000004,0.47600000000000003,0.095,0.127,0.222,0.222,0.5770000000000001,0.488,0,0.155,0.636,0.583,0.294,0.21600000000000003,0.5,0.157,0.625,0.039,1,0.392,0.55,0.039,0.5,0,0,0.16899999999999998,0.092,0.5,0.138,1.167,0.062,1,0.462,0.5670000000000001,0.015,0,0.031,0
James Madison,2020-21,0.521,0.667,0.583,0.46399999999999997,0.111,0.25,0,0.222,0.312,0.8,0.34700000000000003,0.6,0.479,0.47100000000000003,0.154,0.625,0.125,0.25,0.462,0,0.596,0.29,0,0.231,0.708,0.4,0.41,0.24600000000000002,0.5670000000000001,0.08199999999999999,0.4,0.033,1.25,0.19699999999999998,0.41700000000000004,0.131,0.5,0,0,0.267,0.2,0.611,0.08900000000000001,0.5,0.067,1,0.37799999999999995,0.294,0,0,0.044000000000000004,1.25
Seattle U,2020-21,0.544,0.33799999999999997,0.478,0.545,0.235,0.5,0.375,0.426,0.414,0.75,0.27899999999999997,0.474,0.5710000000000001,0.529,0.529,0.48100000000000004,0.14800000000000002,0.21600000000000003,0.455,0.091,0.255,0.462,0,0.294,0.667,0.47200000000000003,0.322,0.16899999999999998,0.6,0.136,0.25,0.051,0.33299999999999996,0.373,0.75,0.102,0.33299999999999996,0.017,0,0.312,0.25,0.75,0.16699999999999998,0.25,0.062,0.33299999999999996,0.45799999999999996,0.591,0,0,0.042,0.5
Georgetown,2020-21,0.42,0.267,0.7,0.35700000000000004,0.373,0.25,0.5710000000000001,0.36,0.259,0.7140000000000001,0.307,0.478,0.39399999999999996,0.4,0.27699999999999997,0.611,0,0.354,0.261,0.13,0.369,0.25,0,0.369,0.375,0.415,0.397,0.32799999999999996,0.474,0.10300000000000001,0.5,0.017,0,0.32799999999999996,0.289,0.052000000000000005,0.667,0,0,0.40700000000000003,0.203,0.45799999999999996,0.153,0.389,0.102,0.41700000000000004,0.254,0.16699999999999998,0.102,0.16699999999999998,0.034,1.25
UNCW,2020-21,0.435,0.46799999999999997,0.44799999999999995,0.077,0.113,0.28600000000000003,0,0.419,0.308,0.5,0.371,0.478,0.41,0.633,0.609,0.59,0.026000000000000002,0.078,0.8,0,0.312,0.45,0,0.32799999999999996,0.762,0.57,0.418,0.218,0.33299999999999996,0.109,0,0.145,0.75,0.327,0.444,0.055,0.33299999999999996,0.018000000000000002,1,0.35600000000000004,0.237,0.75,0.11900000000000001,0.929,0.068,0.875,0.424,0.42,0.051,0.667,0.017,0
McNeese,2020-21,0.445,0.309,0.529,0.444,0.29100000000000004,0.312,0.4,0.4,0.318,0.429,0.218,0.542,0.419,0.569,0.528,0.605,0.053,0.139,0.3,0.3,0.33299999999999996,0.41700000000000004,0,0.319,0.609,0.551,0.255,0.17,0.312,0.106,0.4,0.043,1.5,0.532,0.44,0.043,0.5,0.021,0,0.39,0.153,0.889,0.136,0.43799999999999994,0.102,0.33299999999999996,0.271,0.531,0.136,0.5,0,0
USC Upstate,2020-21,0.524,0.371,0.609,0.429,0.242,0.5329999999999999,0.25,0.387,0.292,0.857,0.242,0.5329999999999999,0.521,0.565,0.426,0.565,0.043,0.055999999999999994,0.33299999999999996,0.33299999999999996,0.519,0.39299999999999996,0,0.222,0.542,0.5710000000000001,0.278,0.204,0.5,0.13,0.643,0.037000000000000005,0.75,0.426,0.5,0.037000000000000005,0.5,0.019,1,0.293,0.171,0.429,0.244,0.8,0.049,1.25,0.341,0.679,0.073,0.33299999999999996,0.024,1
Morgan St.,2020-21,0.433,0.5,0.654,0.529,0.154,0.125,0,0.34600000000000003,0.16699999999999998,1,0.212,0.455,0.42700000000000005,0.434,0.509,0.556,0.111,0.075,0.5,0,0.415,0.182,0,0.075,0.5,0.429,0.22,0.14,0.14300000000000002,0.24,0.625,0.02,1,0.36,0.306,0.06,1,0,0,0.091,0.045,0.5,0.386,0.441,0.023,0,0.295,0.192,0.023,1,0.045,0.5
New Hampshire,2020-21,0.54,0.493,0.703,0.385,0.213,0.25,0.5,0.293,0.318,0.5710000000000001,0.387,0.483,0.5760000000000001,0.397,0.345,0.4,0.1,0.397,0.261,0.13,0.259,0.4,0,0.276,0.469,0.369,0.475,0.32799999999999996,0.55,0.08199999999999999,0.5,0.033,0.5,0.311,0.5529999999999999,0.115,0.28600000000000003,0.033,1,0.32,0.14,0.5,0.1,0.4,0.18,0.444,0.44,0.5,0,0,0.04,0
Purdue,2020-21,0.67,0.34,0.833,0.4,0.321,0.41200000000000003,0.5710000000000001,0.34,0.5,0.889,0.245,0.5770000000000001,0.7,0.51,0.212,0.545,0,0.17300000000000001,0.444,0,0.615,0.344,0.031,0.115,0.33299999999999996,0.5329999999999999,0.255,0.196,0.45,0.157,0.625,0.02,1,0.392,0.75,0.039,1,0.039,1,0.13,0.065,0,0.13,0.833,0.022000000000000002,1,0.478,0.705,0.043,0.5,0,0
Kansas City,2020-21,0.746,0.523,0.882,0.5670000000000001,0.138,0.556,0.8,0.33799999999999997,0.409,1,0.154,0.75,0.745,0.292,0.222,0.625,0,0.25,0.111,0,0.528,0.158,0.053,0.19399999999999998,0.14300000000000002,0.32799999999999996,0.16899999999999998,0.068,0.625,0.305,0.778,0,0,0.237,0.821,0.102,0.833,0.034,0.5,0.20600000000000002,0.08800000000000001,0,0.11800000000000001,0.25,0.08800000000000001,0.33299999999999996,0.588,0.35,0.028999999999999998,0,0,0
Utah Valley,2020-21,0.65,0.557,0.667,0.615,0.243,0.706,0.75,0.2,0.35700000000000004,1,0.34299999999999997,0.708,0.62,0.484,0.19,0.583,0.083,0.444,0.35700000000000004,0.071,0.365,0.391,0.13,0.27,0.47100000000000003,0.489,0.369,0.292,0.632,0.12300000000000001,0.375,0.031,1,0.32299999999999995,0.643,0.046,1,0,0,0.315,0.16699999999999998,0.667,0.09300000000000001,0.4,0.09300000000000001,0.2,0.519,0.6609999999999999,0.055999999999999994,0.33299999999999996,0,0
UConn,2020-21,0.632,0.397,0.778,0.381,0.221,0.467,0.429,0.382,0.385,0.9,0.221,0.767,0.594,0.5770000000000001,0.423,0.455,0.22699999999999998,0.25,0.615,0,0.327,0.47100000000000003,0,0.231,0.833,0.5,0.278,0.185,0.6,0.16699999999999998,0.444,0,0,0.426,0.565,0.09300000000000001,1.1,0,0,0.245,0.102,0.7,0.102,0.2,0.08199999999999999,0.625,0.469,0.5870000000000001,0.061,1.3330000000000002,0.02,0
Mississippi St.,2020-21,0.474,0.371,0.667,0.45799999999999996,0.392,0.263,0.3,0.237,0.348,0.875,0.289,0.429,0.493,0.551,0.22399999999999998,0.625,0.20800000000000002,0.17800000000000002,0.42100000000000004,0,0.598,0.375,0.016,0.10300000000000001,0.318,0.578,0.337,0.253,0.381,0.10800000000000001,0.611,0.048,0.5,0.446,0.486,0.036000000000000004,0.667,0,0,0.11800000000000001,0.09699999999999999,0.389,0.237,0.409,0.011000000000000001,0,0.387,0.875,0.011000000000000001,0,0.032,0
Houston,2020-21,0.507,0.319,0.609,0.35700000000000004,0.222,0.188,0.667,0.45799999999999996,0.39399999999999996,0.6920000000000001,0.23600000000000002,0.647,0.46399999999999997,0.31,0.34,0.41200000000000003,0.235,0.4,0.35,0.15,0.26,0.077,0.077,0.32,0.469,0.235,0.298,0.228,0.769,0.158,0.667,0.035,0,0.33299999999999996,0.395,0.035,0.5,0.035,0.5,0.37200000000000005,0.11599999999999999,0.7,0.163,0.14300000000000002,0.18600000000000003,0.375,0.349,0.33299999999999996,0.07,0.33299999999999996,0,0
FGCU,2020-21,0.627,0.49,0.76,0.579,0.098,0.8,0.25,0.41200000000000003,0.28600000000000003,0.667,0.196,0.75,0.598,0.52,0.24,0.5,0.083,0.38,0.579,0.053,0.38,0.316,0,0.2,0.45,0.5379999999999999,0.213,0.128,0.75,0.191,0.5,0.021,0,0.36200000000000004,0.5589999999999999,0.064,1,0.021,0,0.233,0.11599999999999999,0.2,0.11599999999999999,0.6,0.047,1.25,0.349,0.6,0.07,0.33299999999999996,0.023,0
Ball St.,2020-21,0.484,0.375,0.625,0.267,0.266,0.41200000000000003,0.28600000000000003,0.359,0.261,0.833,0.281,0.611,0.435,0.47700000000000004,0.292,0.526,0.105,0.27699999999999997,0.5,0.055999999999999994,0.431,0.28600000000000003,0,0.16899999999999998,0.727,0.426,0.3,0.217,0.5379999999999999,0.11699999999999999,0.28600000000000003,0.067,0.75,0.433,0.5379999999999999,0.017,1,0.017,0,0.256,0.14,0.75,0.209,0.389,0.11599999999999999,0.7,0.442,0.263,0,0,0,0
Portland,2020-21,0.529,0.529,0.48100000000000004,0.385,0.21600000000000003,0.455,0.2,0.255,0.462,1,0.294,0.667,0.47200000000000003,0.544,0.33799999999999997,0.478,0.043,0.235,0.5,0,0.426,0.414,0,0.27899999999999997,0.474,0.5710000000000001,0.312,0.25,0.75,0.16699999999999998,0.25,0.062,0.33299999999999996,0.45799999999999996,0.591,0,0,0.042,0.5,0.322,0.16899999999999998,0.6,0.136,0.25,0.051,0.33299999999999996,0.373,0.75,0.102,0.33299999999999996,0.017,0
San Francisco,2020-21,0.49200000000000005,0.361,0.568,0.24,0.156,0.42100000000000004,0.125,0.484,0.305,0.778,0.139,0.647,0.467,0.5,0.402,0.537,0.146,0.324,0.424,0,0.275,0.35700000000000004,0.036000000000000004,0.147,0.467,0.506,0.16,0.094,0.5,0.17,0.47200000000000003,0.066,0.857,0.45299999999999996,0.573,0,0,0.038,0.25,0.174,0.14,0.45799999999999996,0.233,0.275,0.012,1.5,0.43,0.608,0.023,0,0.012,1.5
UIC,2020-21,0.49200000000000005,0.28300000000000003,0.647,0.545,0.16699999999999998,0.2,0,0.55,0.33299999999999996,0.909,0.133,0.562,0.48100000000000004,0.43,0.40399999999999997,0.565,0,0.42100000000000004,0.292,0.042,0.175,0.3,0,0.21100000000000002,0.33299999999999996,0.456,0.151,0.132,0.643,0.245,0.846,0,0,0.47200000000000003,0.38,0.019,0,0,0,0.231,0.192,0.3,0.28800000000000003,0.6,0.038,0.5,0.34600000000000003,0.361,0,0,0.038,0.5
LMU (CA),2020-21,0.5710000000000001,0.536,0.667,0.4,0.179,0.3,0.33299999999999996,0.28600000000000003,0.375,0.833,0.214,0.5,0.591,0.575,0.35,0.667,0.048,0.233,0.28600000000000003,0,0.41700000000000004,0.44,0,0.25,0.733,0.522,0.245,0.14300000000000002,0.429,0.163,0.75,0.08199999999999999,0.75,0.38799999999999996,0.632,0.02,0,0.02,1,0.294,0.196,0.7,0.13699999999999998,0.929,0.078,0.75,0.41200000000000003,0.28600000000000003,0.02,1,0,0
Drake,2020-21,0.542,0.4,0.625,0.5329999999999999,0.217,0.5379999999999999,0.28600000000000003,0.38299999999999995,0.304,1,0.11699999999999999,0.929,0.491,0.518,0.33899999999999997,0.526,0.21100000000000002,0.268,0.467,0,0.39299999999999996,0.364,0,0.179,0.65,0.489,0.14,0.06,1,0.18,0.556,0.02,1.5,0.48,0.479,0.06,0.667,0.06,0.5,0.213,0.17,0.625,0.17,0.125,0.043,0.75,0.489,0.435,0,0,0.021,0
Missouri,2020-21,0.609,0.391,0.8,0.35,0.21899999999999997,0.28600000000000003,0.25,0.391,0.4,0.9,0.32799999999999996,0.643,0.593,0.402,0.106,1,0,0.364,0.375,0.042,0.53,0.2,0,0.303,0.425,0.391,0.396,0.245,0.615,0.094,0.8,0.113,0.75,0.358,0.447,0.038,0.5,0.019,0,0.37,0.204,0.22699999999999998,0,0,0.13,0.643,0.426,0.435,0.037000000000000005,0.75,0.055999999999999994,0
South Dakota St.,2020-21,0.588,0.445,0.491,0.462,0.168,0.55,0.182,0.387,0.478,0.818,0.261,0.6609999999999999,0.562,0.43700000000000006,0.284,0.5,0.105,0.313,0.405,0.024,0.40299999999999997,0.278,0,0.254,0.456,0.43,0.284,0.20199999999999999,0.659,0.174,0.42100000000000004,0.046,0.8,0.413,0.6,0.037000000000000005,0.5,0.018000000000000002,0,0.29600000000000004,0.235,0.40700000000000003,0.165,0.5,0.035,0.875,0.409,0.38299999999999995,0.026000000000000002,0.33299999999999996,0.017,0
Northern Ill.,2020-21,0.43,0.40399999999999997,0.565,0.154,0.42100000000000004,0.292,0.429,0.175,0.3,1,0.21100000000000002,0.33299999999999996,0.456,0.49200000000000005,0.28300000000000003,0.647,0.11800000000000001,0.16699999999999998,0.2,0,0.55,0.33299999999999996,0,0.133,0.562,0.48100000000000004,0.231,0.192,0.3,0.28800000000000003,0.6,0.038,0.5,0.34600000000000003,0.361,0,0,0.038,0.5,0.151,0.132,0.643,0.245,0.846,0,0,0.47200000000000003,0.38,0.019,0,0,0
Belmont,2020-21,0.568,0.37,0.815,0.409,0.17800000000000002,0.462,0.5,0.452,0.273,0.556,0.233,0.382,0.625,0.579,0.317,0.75,0.05,0.254,0.312,0.188,0.429,0.40700000000000003,0,0.27,0.794,0.5,0.27,0.159,0.55,0.20600000000000002,0.615,0.095,0.16699999999999998,0.302,0.632,0.016,0,0.048,0.33299999999999996,0.309,0.23600000000000002,0.9620000000000001,0.091,0.6,0.036000000000000004,0.5,0.455,0.46,0.036000000000000004,0,0.018000000000000002,0
Gonzaga,2020-21,0.6940000000000001,0.597,0.784,0.379,0.113,0.7140000000000001,0.4,0.29,0.33299999999999996,0.5,0.40299999999999997,0.68,0.703,0.597,0.371,0.565,0,0.33899999999999997,0.5710000000000001,0,0.29,0.444,0,0.29,0.611,0.591,0.424,0.237,0.5710000000000001,0.11900000000000001,0.7140000000000001,0.068,1,0.35600000000000004,0.738,0.11900000000000001,0.7140000000000001,0,0,0.305,0.18600000000000003,0.773,0.102,0.833,0.085,0.5,0.424,0.56,0.034,0,0.017,0
Saint Francis (PA),2020-21,0.5,0.302,0.526,0.4,0.302,0.42100000000000004,0.625,0.397,0.36,0.889,0.23800000000000002,0.5670000000000001,0.479,0.441,0.426,0.655,0.069,0.221,0.133,0,0.353,0.25,0,0.265,0.528,0.41,0.28300000000000003,0.17,0.389,0.094,0.7,0.038,1,0.28300000000000003,0.433,0.075,0.75,0.038,0,0.34600000000000003,0.231,0.45799999999999996,0.038,0.75,0.096,0.6,0.442,0.435,0.019,1,0.038,0.5
Pittsburgh,2020-21,0.441,0.426,0.655,0.474,0.221,0.133,0,0.353,0.25,1,0.265,0.528,0.41,0.5,0.302,0.526,0.263,0.302,0.42100000000000004,0.105,0.397,0.36,0,0.23800000000000002,0.5670000000000001,0.479,0.34600000000000003,0.231,0.45799999999999996,0.038,0.75,0.096,0.6,0.442,0.435,0.019,1,0.038,0.5,0.28300000000000003,0.17,0.389,0.094,0.7,0.038,1,0.28300000000000003,0.433,0.075,0.75,0.038,0
Furman,2020-21,0.5760000000000001,0.515,0.6759999999999999,0.7829999999999999,0.16699999999999998,0.545,0.16699999999999998,0.318,0.28600000000000003,1,0.348,0.457,0.64,0.433,0.25,0.8,0.067,0.4,0.33299999999999996,0.083,0.35,0.19,0.048,0.25,0.4,0.444,0.418,0.255,0.536,0.255,0.5710000000000001,0.073,0.25,0.23600000000000002,0.462,0.091,0.4,0.018000000000000002,1,0.263,0.14,0.375,0.175,0.25,0.08800000000000001,0.4,0.474,0.48100000000000004,0.035,0.5,0.018000000000000002,0
Mount St. Mary's,2020-21,0.434,0.509,0.556,0.467,0.075,0.5,0,0.415,0.182,0.75,0.075,0.5,0.429,0.433,0.5,0.654,0.038,0.154,0.125,0,0.34600000000000003,0.16699999999999998,0,0.212,0.455,0.42700000000000005,0.091,0.045,0.5,0.386,0.441,0.023,0,0.295,0.192,0.023,1,0.045,0.5,0.22,0.14,0.14300000000000002,0.24,0.625,0.02,1,0.36,0.306,0.06,1,0,0
Jacksonville St.,2020-21,0.341,0.23199999999999998,0.5,0.25,0.304,0.095,0,0.46399999999999997,0.281,0.889,0.203,0.75,0.23600000000000002,0.435,0.46799999999999997,0.528,0.055999999999999994,0.13,0.4,0,0.40299999999999997,0.226,0,0.377,0.483,0.406,0.259,0.204,0.636,0.185,0.3,0.055999999999999994,1.167,0.35200000000000004,0.132,0,0,0.055999999999999994,0.667,0.46,0.33299999999999996,0.381,0.111,0.7859999999999999,0.048,0.33299999999999996,0.254,0.375,0.079,1,0,0
Quinnipiac,2020-21,0.563,0.524,0.606,0.5,0.095,0.33299999999999996,0.5,0.381,0.375,0.778,0.28600000000000003,0.361,0.644,0.413,0.6509999999999999,0.512,0.146,0.14300000000000002,0.222,0,0.20600000000000002,0.154,0,0.222,0.5710000000000001,0.36700000000000005,0.34600000000000003,0.28800000000000003,0.267,0.038,0.75,0.019,1,0.40399999999999997,0.619,0.038,0.75,0,0,0.275,0.235,0.5,0.13699999999999998,0.28600000000000003,0,0,0.41200000000000003,0.33299999999999996,0.039,1,0.02,0
California Baptist,2020-21,0.5920000000000001,0.29600000000000004,0.47600000000000003,0.4,0.127,0.222,0,0.5770000000000001,0.488,0.65,0.155,0.636,0.583,0.598,0.39399999999999996,0.6920000000000001,0.038,0.318,0.667,0,0.28800000000000003,0.263,0,0.22699999999999998,0.5670000000000001,0.608,0.16899999999999998,0.092,0.5,0.138,1.167,0.062,1,0.462,0.5670000000000001,0.015,0,0.031,0,0.294,0.21600000000000003,0.5,0.157,0.625,0.039,1,0.392,0.55,0.039,0.5,0,0
Middle Tenn.,2020-21,0.381,0.305,0.5,0.222,0.35600000000000004,0.14300000000000002,0,0.33899999999999997,0.35,0.857,0.18600000000000003,0.545,0.344,0.41700000000000004,0.389,0.5710000000000001,0.048,0.48100000000000004,0.34600000000000003,0.077,0.13,0.14300000000000002,0,0.14800000000000002,0.625,0.38,0.20800000000000002,0.038,0.75,0.264,0.35700000000000004,0.038,0.5,0.302,0.406,0.132,0.5,0.057,0,0.17,0.106,0.4,0.36200000000000004,0.441,0.043,1,0.36200000000000004,0.294,0.021,1,0.021,0
Rhode Island,2020-21,0.48200000000000004,0.526,0.633,0.21100000000000002,0.158,0.444,0,0.316,0.16699999999999998,0.667,0.33299999999999996,0.474,0.48700000000000004,0.49,0.4,0.6,0.05,0.16,0.25,0,0.44,0.318,0,0.24,0.542,0.474,0.358,0.226,0.41700000000000004,0.18899999999999997,0.45,0.113,0.5,0.302,0.531,0.019,1,0,0,0.25,0.20800000000000002,0.55,0.146,0.214,0.042,0.5,0.354,0.618,0,0,0.021,0
High Point,2020-21,0.5429999999999999,0.31,0.556,0.2,0.397,0.348,0.375,0.293,0.529,0.444,0.19,0.727,0.5,0.619,0.39,0.7390000000000001,0.087,0.153,0.33299999999999996,0,0.45799999999999996,0.40700000000000003,0,0.271,0.688,0.593,0.212,0.115,0.75,0.25,0.615,0.096,0.7,0.385,0.55,0,0,0.019,1,0.308,0.212,0.682,0.17300000000000001,0.611,0.096,0.7,0.34600000000000003,0.556,0,0,0.038,0.75
Sam Houston St.,2020-21,0.452,0.258,0.688,0.455,0.306,0.263,0.6,0.435,0.29600000000000004,0.75,0.19399999999999998,0.33299999999999996,0.48,0.619,0.33899999999999997,0.65,0.15,0.203,0.583,0,0.45799999999999996,0.40700000000000003,0,0.33899999999999997,0.725,0.564,0.226,0.151,0.125,0.057,0.5,0.019,1,0.5660000000000001,0.41700000000000004,0.057,0.667,0.019,0,0.408,0.265,0.8079999999999999,0.08199999999999999,0.625,0.102,0.6,0.327,0.531,0.040999999999999995,0.5,0,0
Virginia Tech,2020-21,0.575,0.267,0.625,0.5,0.3,0.444,0.25,0.433,0.423,1,0.3,0.611,0.56,0.45299999999999996,0.45299999999999996,0.33299999999999996,0.125,0.226,0.583,0,0.321,0.353,0,0.245,0.654,0.38799999999999996,0.34600000000000003,0.28800000000000003,0.6,0.115,0.5,0.019,1,0.327,0.735,0.038,0.5,0,0,0.289,0.133,0.5,0.244,0.318,0.08900000000000001,0.625,0.35600000000000004,0.406,0.067,1,0,0
VCU,2020-21,0.491,0.53,0.581,0.47200000000000003,0.085,0.2,0,0.385,0.289,0.615,0.214,0.5,0.489,0.462,0.45399999999999996,0.574,0.111,0.26899999999999996,0.281,0.094,0.27699999999999997,0.303,0.03,0.20199999999999999,0.45799999999999996,0.46299999999999997,0.253,0.131,0.308,0.182,0.41700000000000004,0.03,0.833,0.34299999999999997,0.485,0.091,0.667,0.02,0,0.267,0.16699999999999998,0.5329999999999999,0.133,0.292,0.08900000000000001,0.25,0.389,0.414,0.011000000000000001,1,0.011000000000000001,1
Northwestern St.,2020-21,0.385,0.18,0.727,0.375,0.44299999999999995,0.29600000000000004,0,0.377,0.217,1,0.24600000000000002,0.33299999999999996,0.402,0.6,0.429,0.7,0.033,0.28600000000000003,0.45,0,0.28600000000000003,0.4,0,0.257,0.722,0.5579999999999999,0.28300000000000003,0.18899999999999997,0.2,0.151,0.375,0.075,0.375,0.415,0.455,0.019,1.5,0,0,0.31,0.207,0.792,0.207,0.542,0.052000000000000005,0.5,0.293,0.41200000000000003,0.052000000000000005,0.667,0.052000000000000005,1
Fairfield,2020-21,0.392,0.431,0.545,0.33299999999999996,0.275,0.35700000000000004,0,0.294,0.133,1,0.235,0.25,0.436,0.536,0.47100000000000003,0.606,0.061,0.3,0.33299999999999996,0,0.22899999999999998,0.43799999999999994,0,0.214,0.5670000000000001,0.527,0.267,0.156,0.28600000000000003,0.156,0.643,0.08900000000000001,0.25,0.511,0.326,0.022000000000000002,0,0.022000000000000002,1,0.259,0.155,0.611,0.207,0.667,0.069,0.5,0.345,0.475,0.034,0.5,0,0
Arkansas,2020-21,0.674,0.40700000000000003,0.7709999999999999,0.259,0.128,0.091,0,0.465,0.5,0.9,0.43,0.662,0.684,0.41,0.20800000000000002,0.5329999999999999,0.067,0.25,0.111,0.16699999999999998,0.542,0.33299999999999996,0,0.361,0.48100000000000004,0.37,0.529,0.35700000000000004,0.62,0.1,0.214,0.129,0.667,0.18600000000000003,0.654,0.043,1,0,0,0.4,0.2,0.308,0.10800000000000001,0.5710000000000001,0.16899999999999998,0.682,0.415,0.29600000000000004,0.031,0.5,0,0
George Washington,2020-21,0.5589999999999999,0.235,0.667,0.625,0.21600000000000003,0.636,0.28600000000000003,0.5489999999999999,0.321,0.778,0.196,0.4,0.598,0.5539999999999999,0.308,0.6,0.15,0.32299999999999995,0.429,0.048,0.369,0.41700000000000004,0,0.16899999999999998,0.318,0.602,0.20800000000000002,0.146,0.429,0.146,0.429,0.042,0,0.521,0.62,0.021,1,0.021,0,0.193,0.08800000000000001,0.2,0.228,0.5,0.053,0.5,0.368,0.643,0.053,0.33299999999999996,0.035,0
Oakland,2020-21,0.304,0.342,0.317,0.308,0.20800000000000002,0.4,0.3,0.45,0.16699999999999998,0.667,0.233,0.25,0.321,0.643,0.263,0.8,0.028999999999999998,0.233,0.452,0,0.504,0.433,0,0.24100000000000002,0.625,0.649,0.272,0.214,0.318,0.078,0.375,0.028999999999999998,0,0.505,0.298,0.028999999999999998,0,0.019,0,0.278,0.243,0.7140000000000001,0.2,0.7390000000000001,0.017,0,0.287,0.439,0.017,0,0.035,1.25
Old Dominion,2020-21,0.424,0.318,0.7140000000000001,0.067,0.182,0.33299999999999996,0.75,0.5,0.182,0.667,0.273,0.41700000000000004,0.42700000000000005,0.556,0.413,0.5770000000000001,0,0.222,0.35700000000000004,0.071,0.365,0.435,0,0.28600000000000003,0.556,0.556,0.316,0.281,0.344,0.105,0.5,0,0,0.491,0.33899999999999997,0.035,1,0,0,0.33299999999999996,0.278,0.5329999999999999,0.16699999999999998,0.444,0.037000000000000005,0.5,0.35200000000000004,0.5,0.019,1,0.019,0
Green Bay,2020-21,0.386,0.28800000000000003,0.526,0.6,0.47,0.355,0.273,0.242,0.188,0.667,0.303,0.475,0.348,0.469,0.375,0.767,0,0.188,0.267,0,0.43799999999999994,0.2,0.028999999999999998,0.375,0.5329999999999999,0.43,0.364,0.23600000000000002,0.34600000000000003,0.109,0.16699999999999998,0.109,0.667,0.4,0.386,0.018000000000000002,1,0.018000000000000002,0,0.469,0.297,0.526,0.109,0.35700000000000004,0.094,0.5,0.25,0.21899999999999997,0.078,0.6,0.016,1
Little Rock,2020-21,0.47100000000000003,0.41200000000000003,0.619,0.385,0.255,0.385,0.2,0.33299999999999996,0.235,0.25,0.235,0.583,0.436,0.564,0.309,0.706,0.059000000000000004,0.309,0.41200000000000003,0.17600000000000002,0.382,0.381,0,0.145,0.688,0.5429999999999999,0.273,0.114,0.3,0.114,0.8,0.023,1,0.386,0.324,0.136,0.75,0.068,0.33299999999999996,0.17,0.043,0,0.17,0.562,0.085,0.875,0.38299999999999995,0.361,0.043,1,0.043,1
Austin Peay,2020-21,0.491,0.386,0.591,0.615,0.298,0.353,0.16699999999999998,0.316,0.33299999999999996,0.833,0.298,0.647,0.425,0.451,0.45899999999999996,0.607,0.107,0.344,0.28600000000000003,0.095,0.19699999999999998,0.25,0.083,0.24600000000000002,0.7,0.37,0.34700000000000003,0.102,0.8,0.22399999999999998,0.273,0.08199999999999999,0.5,0.28600000000000003,0.5,0.163,0.625,0.040999999999999995,0.5,0.28800000000000003,0.154,0.625,0.135,0.429,0.038,1.25,0.423,0.341,0.096,0.6,0.019,1.5
Rutgers,2020-21,0.614,0.636,0.7859999999999999,0.5760000000000001,0.242,0.375,0.5,0.121,0.125,1,0.364,0.688,0.5710000000000001,0.44,0.478,0.43799999999999994,0.125,0.149,0.2,0,0.373,0.36,0,0.16399999999999998,0.409,0.446,0.414,0.276,0.5,0.19,0.636,0.034,1.25,0.31,0.5,0.10300000000000001,1,0,0,0.2,0.091,0.2,0.182,0.3,0.036000000000000004,0.75,0.491,0.537,0.073,0.5,0.018000000000000002,0
Sacramento St.,2020-21,0.6459999999999999,0.431,0.821,0.348,0.16899999999999998,0.364,0.5,0.4,0.385,1,0.292,0.579,0.674,0.445,0.309,0.47100000000000003,0.235,0.182,0.3,0,0.509,0.321,0,0.182,0.5,0.433,0.365,0.26899999999999996,0.5710000000000001,0.212,0.455,0.077,0.5,0.28800000000000003,0.9,0.019,1,0,0,0.196,0.13699999999999998,0.35700000000000004,0.078,1,0.059000000000000004,0.833,0.529,0.426,0,0,0,0
Eastern Ky.,2020-21,0.384,0.305,0.64,0.562,0.354,0.276,0.25,0.341,0.179,0.6,0.37799999999999995,0.435,0.353,0.48100000000000004,0.29600000000000004,0.43799999999999994,0.188,0.185,0.4,0.3,0.519,0.35700000000000004,0,0.40700000000000003,0.386,0.547,0.508,0.23,0.39299999999999996,0.08199999999999999,0.3,0.16399999999999998,0.5,0.262,0.25,0.115,0.429,0.033,0,0.45799999999999996,0.20800000000000002,0.55,0.146,0.14300000000000002,0.20800000000000002,0.3,0.22899999999999998,0.682,0.042,0,0.021,0
Central Conn. St.,2020-21,0.5770000000000001,0.423,0.455,0.4,0.25,0.615,0,0.327,0.47100000000000003,0.75,0.231,0.833,0.5,0.632,0.397,0.778,0.037000000000000005,0.221,0.467,0.067,0.382,0.385,0.038,0.221,0.767,0.594,0.245,0.102,0.7,0.102,0.2,0.08199999999999999,0.625,0.469,0.5870000000000001,0.061,1.3330000000000002,0.02,0,0.278,0.185,0.6,0.16699999999999998,0.444,0,0,0.426,0.565,0.09300000000000001,1.1,0,0
UNLV,2020-21,0.555,0.255,0.5710000000000001,0.75,0.29100000000000004,0.375,0.33299999999999996,0.455,0.44,0.909,0.436,0.583,0.532,0.648,0.40700000000000003,0.727,0.045,0.259,0.28600000000000003,0,0.33299999999999996,0.556,0,0.222,0.583,0.667,0.48,0.32,0.812,0.02,1,0.14,0.14300000000000002,0.4,0.6,0.02,0,0,0,0.231,0.135,0.7140000000000001,0.17300000000000001,0.889,0.038,0.5,0.34600000000000003,0.778,0.057999999999999996,0.33299999999999996,0.019,1.5
Illinois St.,2020-21,0.465,0.21100000000000002,0.583,0.429,0.439,0.24,0.16699999999999998,0.35100000000000003,0.45,0.889,0.24600000000000002,0.5710000000000001,0.43,0.531,0.469,0.7,0.1,0.25,0.25,0.125,0.281,0.33299999999999996,0,0.32799999999999996,0.619,0.488,0.26899999999999996,0.192,0.6,0.135,0.14300000000000002,0.038,0,0.442,0.304,0.038,1,0,0,0.375,0.321,0.611,0.125,1,0.018000000000000002,1,0.33899999999999997,0.447,0.036000000000000004,0.5,0,0
Southern Utah,2020-21,0.575,0.35,0.667,0.14300000000000002,0.233,0.28600000000000003,0.25,0.41700000000000004,0.44,0.909,0.25,0.733,0.522,0.5710000000000001,0.536,0.667,0.133,0.179,0.3,0.1,0.28600000000000003,0.375,0,0.214,0.5,0.591,0.294,0.196,0.7,0.13699999999999998,0.929,0.078,0.75,0.41200000000000003,0.28600000000000003,0.02,1,0,0,0.245,0.14300000000000002,0.429,0.163,0.75,0.08199999999999999,0.75,0.38799999999999996,0.632,0.02,0,0.02,1
Marquette,2020-21,0.607,0.39299999999999996,0.636,0.35700000000000004,0.14300000000000002,0.625,1,0.46399999999999997,0.385,1,0.33899999999999997,0.447,0.6890000000000001,0.295,0.303,0.35,0.15,0.39399999999999996,0.308,0.231,0.303,0.15,0,0.182,0.16699999999999998,0.324,0.40399999999999997,0.298,0.536,0.191,0.778,0.106,0.2,0.23399999999999999,0.591,0,0,0.021,1,0.226,0.151,0.25,0.151,0.312,0.057,0,0.47200000000000003,0.32,0.019,0,0.019,1
Jacksonville,2020-21,0.677,0.306,0.684,0.5379999999999999,0.19399999999999998,0.667,0.5,0.5,0.452,0.929,0.29,0.9440000000000001,0.568,0.39299999999999996,0.32799999999999996,0.3,0.35,0.27899999999999997,0.529,0.059000000000000004,0.39299999999999996,0.25,0.042,0.295,0.556,0.326,0.316,0.175,0.85,0.175,0.9,0.07,1.25,0.298,0.47100000000000003,0.07,0.875,0,0,0.321,0.161,0.556,0.08900000000000001,0.2,0.107,0.667,0.41100000000000003,0.457,0.054000000000000006,0.33299999999999996,0,0
Omaha,2020-21,0.435,0.426,0.5920000000000001,0.207,0.409,0.319,0.267,0.165,0.21100000000000002,0.75,0.2,0.674,0.375,0.435,0.345,0.55,0.075,0.32799999999999996,0.237,0.026000000000000002,0.32799999999999996,0.342,0,0.24100000000000002,0.607,0.381,0.23199999999999998,0.131,0.5379999999999999,0.242,0.43799999999999994,0.04,1.125,0.39399999999999996,0.321,0.061,0.667,0.02,0.75,0.275,0.069,0.7859999999999999,0.245,0.32,0.059000000000000004,0.5,0.294,0.45,0.147,0.5670000000000001,0.049,0.2
Sacred Heart,2020-21,0.44,0.478,0.43799999999999994,0.429,0.149,0.2,0.5,0.373,0.36,0.889,0.16399999999999998,0.409,0.446,0.614,0.636,0.7859999999999999,0.048,0.242,0.375,0.062,0.121,0.125,0,0.364,0.688,0.5710000000000001,0.2,0.091,0.2,0.182,0.3,0.036000000000000004,0.75,0.491,0.537,0.073,0.5,0.018000000000000002,0,0.414,0.276,0.5,0.19,0.636,0.034,1.25,0.31,0.5,0.10300000000000001,1,0,0
NC State,2020-21,0.604,0.358,0.667,0.188,0.299,0.4,0.25,0.34299999999999997,0.478,0.818,0.358,0.583,0.616,0.534,0.409,0.611,0.111,0.341,0.33299999999999996,0.067,0.25,0.455,0,0.318,0.536,0.5329999999999999,0.42100000000000004,0.193,0.318,0.08800000000000001,0.7,0.08800000000000001,0.8,0.24600000000000002,0.607,0.14,0.812,0.018000000000000002,1.5,0.35,0.2,0.312,0.075,0.833,0.125,0.8,0.4,0.43799999999999994,0.025,1,0,0
UT Arlington,2020-21,0.415,0.19699999999999998,0.643,0.444,0.43700000000000006,0.419,0.231,0.366,0.192,0.8,0.324,0.5,0.375,0.517,0.33899999999999997,0.75,0,0.237,0.35700000000000004,0,0.424,0.28,0,0.271,0.5,0.523,0.354,0.2,0.34600000000000003,0.154,0.2,0.077,0.6,0.354,0.304,0.077,0.8,0.062,0.5,0.34,0.319,0.5329999999999999,0.106,0.2,0.021,0,0.489,0.457,0,0,0.021,1
Texas Tech,2020-21,0.6,0.429,0.7,0.5710000000000001,0.28600000000000003,0.45,0.667,0.28600000000000003,0.4,0.875,0.257,0.722,0.5579999999999999,0.385,0.18,0.727,0.091,0.44299999999999995,0.29600000000000004,0.037000000000000005,0.377,0.217,0,0.24600000000000002,0.33299999999999996,0.402,0.31,0.207,0.792,0.207,0.542,0.052000000000000005,0.5,0.293,0.41200000000000003,0.052000000000000005,0.667,0.052000000000000005,1,0.28300000000000003,0.18899999999999997,0.2,0.151,0.375,0.075,0.375,0.415,0.455,0.019,1.5,0,0
